Date,KOIN,LQD,SPY,VNQ
2018-02-01,24.68000030517578,119.22000122070312,281.5799865722656,77.73999786376953
2018-02-02,24.1299991607666,118.61000061035156,275.45001220703125,77.08000183105469
2018-02-05,23.350000381469727,118.68000030517578,263.92999267578125,74.79000091552734
2018-02-06,23.809999465942383,118.44000244140625,269.1300048828125,74.80000305175781
2018-02-07,23.649999618530273,118.11000061035156,267.6700134277344,74.4800033569336
2018-02-08,22.700000762939453,117.5999984741211,257.6300048828125,72.33999633789062
2018-02-09,22.799999237060547,117.22000122070312,261.5,74.1500015258789
2018-02-12,23.350000381469727,117.22000122070312,265.3399963378906,74.18000030517578
2018-02-13,23.350000381469727,117.18000030517578,266.0,74.69999694824219
2018-02-14,23.84000015258789,116.75,269.5899963378906,74.16000366210938
2018-02-15,24.350000381469727,117.30000305175781,273.0299987792969,74.87999725341797
2018-02-16,24.3700008392334,117.6500015258789,273.1099853515625,75.29000091552734
2018-02-20,24.190000534057617,117.1500015258789,271.3999938964844,74.4000015258789
2018-02-21,24.236000061035156,116.51000213623047,270.04998779296875,72.93000030517578
2018-02-22,24.0,116.66999816894531,270.3999938964844,73.76000213623047
2018-02-23,24.399999618530273,117.20999908447266,274.7099914550781,74.94000244140625
2018-02-26,24.770000457763672,117.36000061035156,277.8999938964844,75.1500015258789
2018-02-27,24.72100067138672,116.8499984741211,274.42999267578125,73.4000015258789
2018-02-28,24.510000228881836,117.06999969482422,271.6499938964844,73.3499984741211
2018-03-01,24.1200008392334,116.62000274658203,267.70001220703125,73.41999816894531
2018-03-02,24.094999313354492,116.25,269.0799865722656,73.38999938964844
2018-03-05,24.499000549316406,116.20999908447266,272.19000244140625,74.22000122070312
2018-03-06,24.565000534057617,116.30999755859375,272.8800048828125,74.56999969482422
2018-03-07,24.770000457763672,116.2699966430664,272.7799987792969,75.02999877929688
2018-03-08,24.649999618530273,116.5,274.1000061035156,75.16999816894531
2018-03-09,25.110000610351562,116.08999633789062,278.8699951171875,75.58000183105469
2018-03-12,25.360000610351562,116.23999786376953,278.5199890136719,75.91000366210938
2018-03-13,25.030000686645508,116.25,276.7200012207031,75.9800033569336
2018-03-14,25.05500030517578,116.51000213623047,275.29998779296875,76.05000305175781
2018-03-15,25.08099937438965,116.62999725341797,275.0,76.02999877929688
2018-03-16,25.15999984741211,116.76000213623047,274.20001220703125,76.55999755859375
2018-03-19,24.73200035095215,116.37000274658203,270.489990234375,75.9000015258789
2018-03-20,24.850000381469727,115.95999908447266,270.95001220703125,75.63999938964844
2018-03-21,24.81999969482422,115.88999938964844,270.42999267578125,75.08000183105469
2018-03-22,24.0,116.08999633789062,263.6700134277344,74.63999938964844
2018-03-23,23.420000076293945,115.72000122070312,258.04998779296875,73.30999755859375
2018-03-26,24.275999069213867,116.12999725341797,265.1099853515625,73.43000030517578
2018-03-27,23.64900016784668,116.55000305175781,260.6000061035156,73.70999908447266
2018-03-28,23.420000076293945,116.86000061035156,259.8299865722656,75.55999755859375
2018-03-29,23.75,117.38999938964844,263.1499938964844,75.47000122070312
2018-04-02,23.091999053955078,116.98999786376953,257.4700012207031,74.44999694824219
2018-04-03,23.30500030517578,116.68000030517578,260.7699890136719,75.08000183105469
2018-04-04,23.5,116.68000030517578,263.55999755859375,75.87000274658203
2018-04-05,23.719999313354492,116.72000122070312,265.6400146484375,75.83999633789062
2018-04-06,23.329999923706055,117.06999969482422,259.7200012207031,75.2699966430664
2018-04-09,23.510000228881836,117.12999725341797,261.0,75.02999877929688
2018-04-10,23.950000762939453,117.16000366210938,265.1499938964844,74.94999694824219
2018-04-11,23.8799991607666,117.23999786376953,263.760009765625,75.11000061035156
2018-04-12,24.1560001373291,116.91999816894531,265.92999267578125,74.2699966430664
2018-04-13,23.892000198364258,116.95999908447266,265.1499938964844,74.66000366210938
2018-04-16,24.020000457763672,116.97000122070312,267.3299865722656,75.12000274658203
2018-04-17,24.416000366210938,116.9800033569336,270.19000244140625,76.0
2018-04-18,24.44499969482422,116.37999725341797,270.3900146484375,75.83999633789062
2018-04-19,24.219999313354492,115.94000244140625,268.8900146484375,74.73999786376953
2018-04-20,23.96500015258789,115.47000122070312,266.6099853515625,74.05000305175781
2018-04-23,23.812999725341797,115.41999816894531,266.57000732421875,73.98999786376953
2018-04-24,23.6299991607666,115.08000183105469,262.9800109863281,74.2699966430664
2018-04-25,23.530000686645508,114.72000122070312,263.6300048828125,74.12999725341797
2018-04-26,23.93400001525879,115.05999755859375,266.30999755859375,75.0999984741211
2018-04-27,24.07900047302246,115.31999969482422,266.55999755859375,76.38999938964844
2018-04-30,23.969999313354492,115.22000122070312,264.510009765625,76.08999633789062
2018-05-01,24.020000457763672,114.58000183105469,264.9800109863281,76.77999877929688
2018-05-02,24.045000076293945,114.48999786376953,263.20001220703125,76.5
2018-05-03,24.02899932861328,114.51000213623047,262.6199951171875,76.44999694824219
2018-05-04,24.299999237060547,114.66999816894531,266.0199890136719,77.29000091552734
2018-05-07,24.5,114.54000091552734,266.9200134277344,77.80999755859375
2018-05-08,24.389999389648438,114.5,266.9200134277344,77.41999816894531
2018-05-09,24.739999771118164,114.4800033569336,269.5,77.94000244140625
2018-05-10,25.040000915527344,115.05999755859375,272.0199890136719,78.55000305175781
2018-05-11,24.97100067138672,115.26000213623047,272.8500061035156,78.27999877929688
2018-05-14,25.073999404907227,115.05000305175781,272.9800109863281,77.61000061035156
2018-05-15,24.788000106811523,114.18000030517578,271.1000061035156,76.3499984741211
2018-05-16,24.972999572753906,114.02999877929688,272.239990234375,76.12000274658203
2018-05-17,24.81999969482422,113.80999755859375,272.010009765625,75.73999786376953
2018-05-18,24.709999084472656,114.27999877929688,271.3299865722656,75.83999633789062
2018-05-21,24.826000213623047,114.3499984741211,273.3699951171875,76.73999786376953
2018-05-22,24.850000381469727,114.2300033569336,272.6099853515625,76.8499984741211
2018-05-23,24.784000396728516,114.72000122070312,273.3599853515625,77.62000274658203
2018-05-24,24.899999618530273,115.04000091552734,272.79998779296875,77.45999908447266
2018-05-25,24.829999923706055,115.37999725341797,272.1499938964844,77.7300033569336
2018-05-29,24.540000915527344,115.98999786376953,269.0199890136719,78.0999984741211
2018-05-30,24.8799991607666,115.54000091552734,272.6099853515625,79.16000366210938
2018-05-31,24.867000579833984,115.48999786376953,270.94000244140625,78.88999938964844
2018-06-01,25.163000106811523,114.91000366210938,273.6000061035156,79.23999786376953
2018-06-04,25.420000076293945,114.6500015258789,274.8999938964844,79.93000030517578
2018-06-05,25.46500015258789,114.7300033569336,275.1000061035156,79.72000122070312
2018-06-06,25.719999313354492,114.30999755859375,277.3999938964844,79.91000366210938
2018-06-07,25.520000457763672,114.69000244140625,277.3699951171875,79.91000366210938
2018-06-08,25.457000732421875,114.5,278.19000244140625,80.19999694824219
2018-06-11,25.6200008392334,114.38999938964844,278.55999755859375,80.08000183105469
2018-06-12,25.606000900268555,114.4000015258789,278.9200134277344,80.55999755859375
2018-06-13,25.690000534057617,114.29000091552734,278.0299987792969,78.98999786376953
2018-06-14,25.731000900268555,114.80999755859375,278.7300109863281,79.73999786376953
2018-06-15,25.558000564575195,114.6500015258789,277.1300048828125,79.69000244140625
2018-06-18,25.51799964904785,114.52999877929688,276.55999755859375,78.9800033569336
2018-06-19,25.18000030517578,114.58999633789062,275.5,78.9000015258789
2018-06-20,25.3700008392334,113.94999694824219,275.9700012207031,79.77999877929688
2018-06-21,25.059999465942383,113.86000061035156,274.239990234375,80.16000366210938
2018-06-22,25.03499984741211,114.0,274.739990234375,80.79000091552734
2018-06-25,24.354999542236328,113.88999938964844,271.0,80.58000183105469
2018-06-26,24.511999130249023,114.2699966430664,271.6000061035156,80.83999633789062
2018-06-27,24.301000595092773,114.66000366210938,269.3500061035156,80.52999877929688
2018-06-28,24.399999618530273,114.51000213623047,270.8900146484375,81.25
2018-06-29,24.700000762939453,114.56999969482422,271.2799987792969,81.44999694824219
2018-07-02,24.65999984741211,114.23999786376953,271.8599853515625,81.0
2018-07-03,24.56999969482422,114.66000366210938,270.8999938964844,81.61000061035156
2018-07-05,24.718000411987305,115.0199966430664,273.1099853515625,82.58000183105469
2018-07-06,24.950000762939453,115.18000030517578,275.4200134277344,83.0199966430664
2018-07-09,25.25,115.26000213623047,277.8999938964844,82.36000061035156
2018-07-10,25.392000198364258,115.12999725341797,278.8999938964844,82.52999877929688
2018-07-11,25.257999420166016,115.36000061035156,276.8599853515625,82.26000213623047
2018-07-12,25.55500030517578,115.61000061035156,279.3699951171875,82.51000213623047
2018-07-13,25.530000686645508,115.69999694824219,279.5899963378906,82.26000213623047
2018-07-16,25.530000686645508,115.51000213623047,279.3399963378906,81.81999969482422
2018-07-17,25.60700035095215,115.43000030517578,280.4700012207031,81.27999877929688
2018-07-18,25.708999633789062,115.41000366210938,281.05999755859375,80.91999816894531
2018-07-19,25.68899917602539,115.58999633789062,280.0,81.87000274658203
2018-07-20,25.56999969482422,115.25,279.67999267578125,81.08000183105469
2018-07-23,25.610000610351562,114.79000091552734,280.20001220703125,80.91000366210938
2018-07-24,25.719999313354492,115.1500015258789,281.6099853515625,80.5
2018-07-25,25.95199966430664,115.30000305175781,284.010009765625,81.13999938964844
2018-07-26,25.774999618530273,115.41000366210938,283.3399963378906,81.41000366210938
2018-07-27,25.76799964904785,115.55999755859375,281.4200134277344,80.54000091552734
2018-07-30,25.312000274658203,115.4000015258789,279.95001220703125,80.58999633789062
2018-07-31,25.3799991607666,115.76000213623047,281.3299865722656,81.94000244140625
2018-08-01,25.2450008392334,115.01000213623047,280.8599853515625,82.5199966430664
2018-08-02,25.479999542236328,115.1500015258789,282.3900146484375,82.19000244140625
2018-08-03,25.51300048828125,115.51000213623047,283.6000061035156,83.08000183105469
2018-08-06,25.6200008392334,115.62000274658203,284.6400146484375,82.97000122070312
2018-08-07,25.743999481201172,115.26000213623047,285.5799865722656,82.81999969482422
2018-08-08,25.940000534057617,115.08000183105469,285.4599914550781,82.33999633789062
2018-08-09,25.884000778198242,115.16999816894531,285.07000732421875,82.37999725341797
2018-08-10,25.597999572753906,115.36000061035156,283.1600036621094,81.75
2018-08-13,25.55299949645996,115.33000183105469,282.1000061035156,81.58999633789062
2018-08-14,25.590999603271484,115.4800033569336,283.8999938964844,81.98999786376953
2018-08-15,25.299999237060547,115.72000122070312,281.7799987792969,82.62000274658203
2018-08-16,25.579999923706055,115.87000274658203,284.05999755859375,83.29000091552734
2018-08-17,25.600000381469727,115.97000122070312,285.05999755859375,84.05999755859375
2018-08-20,25.659000396728516,116.2699966430664,285.6700134277344,84.12000274658203
2018-08-21,25.760000228881836,115.9800033569336,286.3399963378906,83.61000061035156
2018-08-22,25.90999984741211,115.97000122070312,286.1700134277344,83.13999938964844
2018-08-23,25.90999984741211,116.01000213623047,285.7900085449219,82.93000030517578
2018-08-24,26.19499969482422,116.23999786376953,287.510009765625,83.41999816894531
2018-08-27,26.420000076293945,116.05999755859375,289.7799987792969,83.12000274658203
2018-08-28,26.43000030517578,115.62000274658203,289.9200134277344,84.23999786376953
2018-08-29,26.690000534057617,115.5,291.4800109863281,84.26000213623047
2018-08-30,26.586000442504883,115.61000061035156,290.29998779296875,83.72000122070312
2018-08-31,26.64900016784668,115.44000244140625,290.30999755859375,84.05000305175781
2018-09-04,26.600000381469727,114.87999725341797,289.80999755859375,83.05000305175781
2018-09-05,26.315000534057617,114.80999755859375,289.0299987792969,83.52999877929688
2018-09-06,26.17300033569336,115.12999725341797,288.1600036621094,83.7699966430664
2018-09-07,26.177000045776367,114.6500015258789,287.6000061035156,82.86000061035156
2018-09-10,26.3700008392334,115.02999877929688,288.1000061035156,83.2300033569336
2018-09-11,26.399999618530273,114.7699966430664,289.04998779296875,83.22000122070312
2018-09-12,26.43000030517578,115.0,289.1199951171875,83.26000213623047
2018-09-13,26.649999618530273,115.23999786376953,290.8299865722656,83.66999816894531
2018-09-14,26.68000030517578,115.0999984741211,290.8800048828125,83.13999938964844
2018-09-17,26.459999084472656,115.02999877929688,289.3399963378906,83.41000366210938
2018-09-18,26.459999084472656,114.55999755859375,290.9100036621094,83.01000213623047
2018-09-19,26.489999771118164,114.38999938964844,291.2200012207031,82.04000091552734
2018-09-20,26.780000686645508,114.69000244140625,293.5799865722656,82.80999755859375
2018-09-21,26.780000686645508,114.70999908447266,291.989990234375,82.77999877929688
2018-09-24,26.75,114.44999694824219,291.0199890136719,80.16999816894531
2018-09-25,26.858999252319336,114.44999694824219,290.75,80.18000030517578
2018-09-26,26.950000762939453,114.86000061035156,289.8800048828125,79.22000122070312
2018-09-27,26.860000610351562,115.01000213623047,290.69000244140625,79.5999984741211
2018-09-28,26.799999237060547,114.93000030517578,290.7200012207031,80.68000030517578
2018-10-01,27.03700065612793,114.41999816894531,291.7300109863281,79.93000030517578
2018-10-02,26.9060001373291,114.5199966430664,291.55999755859375,79.75
2018-10-03,26.97100067138672,113.8499984741211,291.7200012207031,78.9000015258789
2018-10-04,26.448999404907227,113.37999725341797,289.44000244140625,78.23999786376953
2018-10-05,26.23200035095215,112.94000244140625,287.82000732421875,78.19999694824219
2018-10-08,25.812999725341797,112.81999969482422,287.82000732421875,79.33000183105469
2018-10-09,25.85700035095215,113.13999938964844,287.3999938964844,79.44000244140625
2018-10-10,24.84000015258789,112.83000183105469,278.29998779296875,78.26000213623047
2018-10-11,24.483999252319336,113.30000305175781,272.1700134277344,76.0199966430664
2018-10-12,24.774999618530273,113.31999969482422,275.95001220703125,75.81999969482422
2018-10-15,24.774999618530273,113.11000061035156,274.3999938964844,76.33000183105469
2018-10-16,25.385000228881836,113.4000015258789,280.3999938964844,77.9000015258789
2018-10-17,25.190000534057617,112.83999633789062,280.45001220703125,77.5999984741211
2018-10-18,24.600000381469727,112.83999633789062,276.3999938964844,77.44999694824219
2018-10-19,24.78700065612793,112.69999694824219,276.25,78.12000274658203
2018-10-22,24.844999313354492,112.55999755859375,275.010009765625,77.02999877929688
2018-10-23,24.389999389648438,112.72000122070312,273.6099853515625,77.37000274658203
2018-10-24,23.610000610351562,112.87999725341797,265.32000732421875,78.0999984741211
2018-10-25,24.170000076293945,112.73999786376953,270.0799865722656,79.0999984741211
2018-10-26,23.75,112.93000030517578,265.3299865722656,77.19999694824219
2018-10-29,23.020000457763672,112.80000305175781,263.8599853515625,78.18000030517578
2018-10-30,23.5,112.55000305175781,267.7699890136719,79.25
2018-10-31,24.200000762939453,112.2300033569336,270.6300048828125,78.31999969482422
2018-11-01,24.409000396728516,112.19999694824219,273.510009765625,78.69000244140625
2018-11-02,24.191999435424805,111.75,271.8900146484375,78.04000091552734
2018-11-05,24.336000442504883,111.94999694824219,273.3900146484375,79.19999694824219
2018-11-06,24.44300079345703,112.13999938964844,275.1199951171875,79.5999984741211
2018-11-07,25.118000030517578,112.43000030517578,281.010009765625,80.55000305175781
2018-11-08,24.874000549316406,112.0999984741211,280.5,80.61000061035156
2018-11-09,24.615999221801758,112.18000030517578,277.760009765625,80.5999984741211
2018-11-12,23.968000411987305,112.16999816894531,272.57000732421875,80.76000213623047
2018-11-13,23.959999084472656,112.0199966430664,272.05999755859375,80.68000030517578
2018-11-14,23.889999389648438,111.72000122070312,270.20001220703125,80.4800033569336
2018-11-15,24.139999389648438,111.51000213623047,273.0199890136719,79.93000030517578
2018-11-16,24.100000381469727,111.7300033569336,273.7300109863281,80.79000091552734
2018-11-19,23.410999298095703,111.62000274658203,269.1000061035156,80.9000015258789
2018-11-20,23.030000686645508,111.3499984741211,264.1199951171875,80.06999969482422
2018-11-21,23.167999267578125,111.58999633789062,265.0199890136719,80.13999938964844
2018-11-23,23.167999267578125,111.63999938964844,263.25,79.9800033569336
2018-11-26,23.45400047302246,111.69000244140625,267.5,80.12999725341797
2018-11-27,23.450000762939453,111.55000305175781,268.3999938964844,80.47000122070312
2018-11-28,24.100000381469727,111.8499984741211,274.5799865722656,81.19000244140625
2018-11-29,24.100000381469727,111.52999877929688,273.9800109863281,81.20999908447266
2018-11-30,24.100000381469727,111.45999908447266,275.6499938964844,81.9800033569336
2018-12-03,24.670000076293945,111.5199966430664,279.29998779296875,82.41999816894531
2018-12-04,23.989999771118164,111.54000091552734,270.25,81.19999694824219
2018-12-06,23.570999145507812,111.87999725341797,269.8399963378906,83.20999908447266
2018-12-07,23.15999984741211,111.88999938964844,263.57000732421875,82.12000274658203
2018-12-10,23.267000198364258,112.2300033569336,264.07000732421875,81.58999633789062
2018-12-11,23.280000686645508,112.43000030517578,264.1300048828125,81.62999725341797
2018-12-12,23.559999465942383,112.55000305175781,265.4599914550781,80.37000274658203
2018-12-13,23.530000686645508,112.8499984741211,265.3699951171875,79.87999725341797
2018-12-14,23.17099952697754,112.7300033569336,260.4700012207031,79.6500015258789
2018-12-17,22.5939998626709,112.8499984741211,255.36000061035156,76.6500015258789
2018-12-18,22.753000259399414,112.9000015258789,255.0800018310547,77.44000244140625
2018-12-19,22.31999969482422,112.80999755859375,251.25999450683594,76.58999633789062
2018-12-20,21.940000534057617,112.44000244140625,247.1699981689453,75.44000244140625
2018-12-21,21.3700008392334,112.33000183105469,240.6999969482422,74.38999938964844
2018-12-24,20.714000701904297,112.06999969482422,234.33999633789062,71.73999786376953
2018-12-26,21.59000015258789,111.9800033569336,246.17999267578125,74.13999938964844
2018-12-27,21.660999298095703,111.9800033569336,248.07000732421875,74.12999725341797
2018-12-28,21.768999099731445,112.51000213623047,247.75,74.37000274658203
2018-12-31,21.860000610351562,112.81999969482422,249.9199981689453,74.56999969482422
2019-01-02,22.030000686645508,113.16999816894531,250.17999267578125,72.94999694824219
2019-01-03,21.420000076293945,113.22000122070312,244.2100067138672,73.45999908447266
2019-01-04,22.23699951171875,113.1500015258789,252.38999938964844,74.31999969482422
2019-01-07,22.56999969482422,113.16000366210938,254.3800048828125,75.05000305175781
2019-01-08,22.68000030517578,113.41000366210938,256.7699890136719,76.5999984741211
2019-01-09,22.899999618530273,113.83999633789062,257.9700012207031,76.48999786376953
2019-01-10,23.03499984741211,113.54000091552734,258.8800048828125,77.52999877929688
2019-01-11,22.940000534057617,113.75,258.9800109863281,77.75
2019-01-14,22.83799934387207,113.44999694824219,257.3999938964844,77.48999786376953
2019-01-15,23.079999923706055,113.5199966430664,260.3500061035156,78.2300033569336
2019-01-16,23.089000701904297,113.73999786376953,260.9800109863281,78.77999877929688
2019-01-17,23.19499969482422,113.97000122070312,262.9599914550781,79.16000366210938
2019-01-18,23.520000457763672,114.16999816894531,266.4599914550781,79.43000030517578
2019-01-22,23.13800048828125,114.36000061035156,262.8599853515625,79.19000244140625
2019-01-23,23.253999710083008,114.6500015258789,263.4100036621094,79.19999694824219
2019-01-24,23.530000686645508,114.94999694824219,263.54998779296875,79.47000122070312
2019-01-25,23.81999969482422,115.05000305175781,265.7799987792969,80.45999908447266
2019-01-28,23.488000869750977,115.02999877929688,263.760009765625,81.25
2019-01-29,23.225000381469727,115.27999877929688,263.4100036621094,81.88999938964844
2019-01-30,23.64299964904785,115.80999755859375,267.5799865722656,82.55000305175781
2019-01-31,23.709999084472656,116.62000274658203,269.92999267578125,83.41000366210938
2019-02-01,23.764999389648438,115.98999786376953,270.05999755859375,82.87999725341797
2019-02-04,23.954999923706055,115.83000183105469,271.9599914550781,83.5
2019-02-05,24.106000900268555,116.30000305175781,273.1000061035156,83.9800033569336
2019-02-06,24.190000534057617,116.08000183105469,272.739990234375,83.43000030517578
2019-02-07,23.969999313354492,116.05999755859375,270.1400146484375,84.12000274658203
2019-02-08,23.76099967956543,116.3499984741211,270.4700012207031,84.12000274658203
2019-02-11,23.940000534057617,116.08999633789062,270.6199951171875,84.3499984741211
2019-02-12,24.30500030517578,116.25,274.1000061035156,83.81999969482422
2019-02-13,24.347999572753906,115.94999694824219,274.989990234375,84.25
2019-02-14,24.427000045776367,116.08000183105469,274.3800048828125,84.5199966430664
2019-02-15,24.56999969482422,116.22000122070312,277.3699951171875,85.08999633789062
2019-02-19,24.6299991607666,116.29000091552734,277.8500061035156,85.06999969482422
2019-02-20,24.766000747680664,116.19000244140625,278.4100036621094,84.54000091552734
2019-02-21,24.6200008392334,115.86000061035156,277.4200134277344,84.62000274658203
2019-02-22,24.889999389648438,116.37999725341797,279.1400146484375,85.12000274658203
2019-02-25,25.165000915527344,116.33999633789062,279.5199890136719,84.44999694824219
2019-02-26,25.165000915527344,116.5199966430664,279.32000732421875,84.19000244140625
2019-02-27,25.075000762939453,116.19000244140625,279.20001220703125,83.7699966430664
2019-02-28,25.1200008392334,116.02999877929688,278.67999267578125,83.98999786376953
2019-03-01,25.23200035095215,115.47000122070312,280.4200134277344,83.7300033569336
2019-03-04,25.12299919128418,115.7300033569336,279.3999938964844,84.11000061035156
2019-03-05,25.1299991607666,115.7699966430664,279.0199890136719,84.33999633789062
2019-03-06,24.985000610351562,115.87999725341797,277.3299865722656,83.94999694824219
2019-03-07,24.69700050354004,116.26000213623047,275.010009765625,83.7699966430664
2019-03-08,24.576000213623047,116.41000366210938,274.4599914550781,83.86000061035156
2019-03-11,25.100000381469727,116.54000091552734,278.44000244140625,85.08999633789062
2019-03-12,25.18000030517578,116.86000061035156,279.489990234375,85.4800033569336
2019-03-13,25.440000534057617,116.66999816894531,281.3399963378906,85.9000015258789
2019-03-14,25.4060001373291,116.44000244140625,281.1600036621094,86.02999877929688
2019-03-15,25.631999969482422,116.86000061035156,281.30999755859375,85.76000213623047
2019-03-18,25.834999084472656,116.80000305175781,282.3299865722656,85.33000183105469
2019-03-19,25.899999618530273,116.81999969482422,282.3999938964844,85.06999969482422
2019-03-20,25.832000732421875,117.61000061035156,281.54998779296875,85.33000183105469
2019-03-21,26.283000946044922,117.83000183105469,284.7300109863281,86.8499984741211
2019-03-22,25.565000534057617,118.55000305175781,279.25,86.22000122070312
2019-03-25,25.54400062561035,118.79000091552734,279.0400085449219,86.33000183105469
2019-03-26,25.73200035095215,118.83999633789062,281.1199951171875,87.0199966430664
2019-03-27,25.60099983215332,119.0,279.6499938964844,86.7699966430664
2019-03-28,25.756999969482422,119.1500015258789,280.7099914550781,86.98999786376953
2019-03-29,25.929000854492188,119.05999755859375,282.4800109863281,86.91000366210938
2019-04-01,26.354000091552734,118.26000213623047,285.8299865722656,86.86000061035156
2019-04-02,26.290000915527344,118.41999816894531,285.9700012207031,87.47000122070312
2019-04-03,26.542999267578125,118.16999816894531,286.4200134277344,87.37000274658203
2019-04-04,26.415000915527344,118.36000061035156,287.17999267578125,87.2300033569336
2019-04-05,26.469999313354492,118.55000305175781,288.57000732421875,87.83999633789062
2019-04-08,26.5,118.37999725341797,288.7900085449219,87.3499984741211
2019-04-09,26.389999389648438,118.62999725341797,287.30999755859375,86.88999938964844
2019-04-10,26.613000869750977,119.20999908447266,288.2900085449219,87.69000244140625
2019-04-11,26.604999542236328,119.08999633789062,288.2099914550781,87.62999725341797
2019-04-12,26.700000762939453,119.0199966430664,290.1600036621094,88.05000305175781
2019-04-15,26.700000762939453,118.83000183105469,289.9700012207031,87.5999984741211
2019-04-16,26.719999313354492,118.5,290.1600036621094,85.62000274658203
2019-04-17,26.858999252319336,118.4800033569336,289.45001220703125,84.83999633789062
2019-04-18,26.92099952697754,118.58000183105469,290.0199890136719,85.48999786376953
2019-04-22,26.950000762939453,118.38999938964844,290.2699890136719,84.55000305175781
2019-04-23,27.11400032043457,118.87999725341797,292.8800048828125,85.66999816894531
2019-04-24,27.23900032043457,119.27999877929688,292.2300109863281,86.30000305175781
2019-04-25,27.139999389648438,119.22000122070312,292.04998779296875,86.12000274658203
2019-04-26,26.98900032043457,119.63999938964844,293.4100036621094,86.80000305175781
2019-04-29,27.0,119.16999816894531,293.8699951171875,85.94999694824219
2019-04-30,27.100000381469727,119.22000122070312,294.0199890136719,86.7699966430664
2019-05-01,26.889999389648438,118.83000183105469,291.80999755859375,86.83999633789062
2019-05-02,26.73699951171875,118.4000015258789,291.17999267578125,86.93000030517578
2019-05-03,27.05500030517578,118.93000030517578,294.0299987792969,87.66999816894531
2019-05-06,26.909000396728516,119.08999633789062,292.82000732421875,87.38999938964844
2019-05-07,26.290000915527344,119.08000183105469,287.92999267578125,85.80999755859375
2019-05-08,26.461999893188477,118.68000030517578,287.5299987792969,85.72000122070312
2019-05-09,26.283000946044922,118.79000091552734,286.6600036621094,85.94000244140625
2019-05-10,26.37299919128418,118.86000061035156,288.1000061035156,86.86000061035156
2019-05-13,25.6299991607666,118.93000030517578,280.8599853515625,86.7699966430664
2019-05-14,26.059999465942383,119.0999984741211,283.3999938964844,87.08999633789062
2019-05-15,26.18000030517578,119.43000030517578,285.05999755859375,87.68000030517578
2019-05-16,26.525999069213867,119.23999786376953,287.70001220703125,88.02999877929688
2019-05-17,26.277000427246094,119.25,285.8399963378906,87.86000061035156
2019-05-20,26.040000915527344,118.97000122070312,283.95001220703125,86.58999633789062
2019-05-21,26.256000518798828,119.06999969482422,286.510009765625,87.33000183105469
2019-05-22,26.295000076293945,119.22000122070312,285.6300048828125,87.58999633789062
2019-05-23,25.68000030517578,119.4800033569336,282.1400146484375,87.79000091552734
2019-05-24,25.908000946044922,119.7300033569336,282.7799987792969,88.05999755859375
2019-05-28,25.788999557495117,119.80999755859375,280.1499938964844,87.19000244140625
2019-05-29,25.559999465942383,119.86000061035156,278.2699890136719,86.02999877929688
2019-05-30,25.68000030517578,120.55000305175781,279.0299987792969,86.38999938964844
2019-05-31,25.31800079345703,120.83000183105469,275.2699890136719,86.88999938964844
2019-06-03,25.023000717163086,120.83000183105469,274.57000732421875,87.0999984741211
2019-06-04,25.540000915527344,120.87000274658203,280.5299987792969,86.70999908447266
2019-06-05,25.81399917602539,120.79000091552734,282.9599914550781,88.5199966430664
2019-06-06,25.90999984741211,121.0199966430664,284.79998779296875,88.69000244140625
2019-06-07,26.405000686645508,121.55999755859375,287.6499938964844,89.0199966430664
2019-06-10,26.628000259399414,121.12000274658203,288.9700012207031,88.7300033569336
2019-06-11,26.604999542236328,121.2300033569336,288.8999938964844,88.97000122070312
2019-06-12,26.354000091552734,121.41000366210938,288.3900146484375,89.2699966430664
2019-06-13,26.43000030517578,121.72000122070312,289.5799865722656,89.6500015258789
2019-06-14,26.21500015258789,121.7699966430664,289.260009765625,89.69999694824219
2019-06-17,26.299999237060547,121.83000183105469,289.3699951171875,90.66000366210938
2019-06-18,26.614999771118164,122.63999938964844,292.3999938964844,90.56999969482422
2019-06-19,26.79599952697754,123.41999816894531,293.05999755859375,91.05999755859375
2019-06-20,27.139999389648438,124.08999633789062,295.8599853515625,91.5199966430664
2019-06-21,27.086000442504883,123.63999938964844,294.0,90.2300033569336
2019-06-24,27.030000686645508,123.94999694824219,293.6400146484375,89.91999816894531
2019-06-25,26.690000534057617,123.58000183105469,290.760009765625,88.58999633789062
2019-06-26,26.8799991607666,123.33000183105469,290.4700012207031,86.81999969482422
2019-06-27,26.989999771118164,124.05000305175781,291.5,87.0999984741211
2019-06-28,27.027000427246094,124.37000274658203,293.0,87.4000015258789
2019-07-01,27.309999465942383,124.25,295.6600036621094,87.36000061035156
2019-07-02,27.475000381469727,124.58999633789062,296.42999267578125,88.87999725341797
2019-07-03,27.540000915527344,124.93000030517578,298.79998779296875,89.94000244140625
2019-07-05,27.441999435424805,123.83000183105469,298.4599914550781,89.62000274658203
2019-07-08,27.391000747680664,123.66000366210938,296.82000732421875,89.94000244140625
2019-07-09,27.34000015258789,123.4000015258789,297.19000244140625,90.23999786376953
2019-07-10,27.709999084472656,123.68000030517578,298.6099853515625,90.76000213623047
2019-07-11,27.850000381469727,122.94999694824219,299.30999755859375,89.58000183105469
2019-07-12,27.959999084472656,123.06999969482422,300.6499938964844,89.45999908447266
2019-07-15,28.020000457763672,123.27999877929688,300.75,89.38999938964844
2019-07-16,27.940000534057617,123.0199966430664,299.7799987792969,89.18000030517578
2019-07-17,27.90399932861328,123.66999816894531,297.739990234375,88.87999725341797
2019-07-18,27.990999221801758,123.95999908447266,298.8299865722656,88.87999725341797
2019-07-19,27.91900062561035,123.7699966430664,297.1700134277344,87.43000030517578
2019-07-22,28.030000686645508,124.1500015258789,297.8999938964844,87.3499984741211
2019-07-23,28.155000686645508,124.22000122070312,300.0299987792969,88.33999633789062
2019-07-24,28.374000549316406,124.56999969482422,301.44000244140625,88.41000366210938
2019-07-25,28.05699920654297,124.16999816894531,300.0,87.88999938964844
2019-07-26,28.174999237060547,124.33999633789062,302.010009765625,88.29000091552734
2019-07-29,28.09000015258789,124.26000213623047,301.4599914550781,88.52999877929688
2019-07-30,27.899999618530273,124.22000122070312,300.7200012207031,89.23999786376953
2019-07-31,27.424999237060547,124.33000183105469,297.42999267578125,88.88999938964844
2019-08-01,27.398000717163086,124.98999786376953,294.8399963378906,88.88999938964844
2019-08-02,26.795000076293945,125.12000274658203,292.6199951171875,89.31999969482422
2019-08-05,25.945999145507812,125.20999908447266,283.82000732421875,87.55999755859375
2019-08-06,26.229999542236328,125.98999786376953,287.79998779296875,88.52999877929688
2019-08-07,26.302000045776367,125.97000122070312,287.9700012207031,89.38999938964844
2019-08-08,26.67799949645996,126.30999755859375,293.6199951171875,90.95999908447266
2019-08-09,26.549999237060547,125.94000244140625,291.6199951171875,90.8499984741211
2019-08-12,26.209999084472656,126.7300033569336,288.07000732421875,90.61000061035156
2019-08-13,26.520000457763672,126.62999725341797,292.54998779296875,90.73999786376953
2019-08-14,25.881999969482422,127.0,283.8999938964844,89.36000061035156
2019-08-15,25.854999542236328,127.62000274658203,284.6499938964844,90.25
2019-08-16,26.284000396728516,127.8499984741211,288.8500061035156,91.18000030517578
2019-08-19,26.652999877929688,127.43000030517578,292.3299865722656,91.83999633789062
2019-08-20,26.441999435424805,128.1699981689453,290.0899963378906,91.19000244140625
2019-08-21,26.729999542236328,128.39999389648438,292.45001220703125,91.56999969482422
2019-08-22,26.660999298095703,127.93000030517578,292.3599853515625,91.98999786376953
2019-08-23,25.89900016784668,128.39999389648438,284.8500061035156,90.69999694824219
2019-08-26,26.270000457763672,128.41000366210938,288.0,91.4000015258789
2019-08-27,26.218000411987305,129.10000610351562,286.8699951171875,91.13999938964844
2019-08-28,26.22599983215332,129.10000610351562,288.8900146484375,91.44000244140625
2019-08-29,26.520000457763672,128.82000732421875,292.5799865722656,92.1500015258789
2019-08-30,26.56999969482422,128.8000030517578,292.45001220703125,92.22000122070312
2019-09-03,26.360000610351562,128.3300018310547,290.739990234375,93.13999938964844
2019-09-04,26.979999542236328,128.57000732421875,294.0400085449219,93.91999816894531
2019-09-05,27.450000762939453,127.62999725341797,297.82000732421875,93.23999786376953
2019-09-06,27.489999771118164,128.08999633789062,298.04998779296875,93.44999694824219
2019-09-09,27.225000381469727,127.1500015258789,298.20001220703125,93.0
2019-09-10,27.066999435424805,126.08000183105469,298.1300048828125,92.04000091552734
2019-09-11,27.163000106811523,125.9800033569336,300.25,92.13999938964844
2019-09-12,27.301000595092773,125.80999755859375,301.2900085449219,92.62999725341797
2019-09-13,27.239999771118164,124.68000030517578,301.0899963378906,91.63999938964844
2019-09-16,27.1299991607666,125.30999755859375,300.1600036621094,92.44000244140625
2019-09-17,27.1200008392334,125.62999725341797,300.9200134277344,93.44000244140625
2019-09-18,27.069000244140625,125.94000244140625,301.1000061035156,93.12000274658203
2019-09-19,27.1200008392334,126.30000305175781,301.0799865722656,93.44999694824219
2019-09-20,26.895999908447266,127.16999816894531,298.2799987792969,93.44999694824219
2019-09-23,26.950000762939453,127.08000183105469,298.2099914550781,93.5999984741211
2019-09-24,26.674999237060547,127.4800033569336,295.8699951171875,92.6500015258789
2019-09-25,26.694000244140625,126.76000213623047,297.6199951171875,92.83000183105469
2019-09-26,26.84000015258789,127.02999877929688,297.0,93.61000061035156
2019-09-27,26.604000091552734,127.05999755859375,295.3999938964844,93.08999633789062
2019-09-30,26.809999465942383,127.4800033569336,296.7699890136719,93.25
2019-10-01,26.579999923706055,127.29000091552734,293.239990234375,92.37000274658203
2019-10-02,26.10700035095215,127.23999786376953,288.05999755859375,91.9800033569336
2019-10-03,26.363000869750977,127.73999786376953,290.4200134277344,92.87000274658203
2019-10-04,26.711999893188477,128.27000427246094,294.3500061035156,93.43000030517578
2019-10-07,26.67799949645996,127.62000274658203,293.0799865722656,93.2300033569336
2019-10-08,26.239999771118164,127.51000213623047,288.5299987792969,92.73999786376953
2019-10-09,26.552000045776367,127.55999755859375,291.2699890136719,92.91999816894531
2019-10-10,26.68199920654297,126.80999755859375,293.239990234375,93.06999969482422
2019-10-11,27.12700080871582,126.58000183105469,296.2799987792969,93.02999877929688
2019-10-14,27.045000076293945,127.0,295.95001220703125,93.06999969482422
2019-10-15,27.299999237060547,126.66000366210938,298.8800048828125,93.19000244140625
2019-10-16,27.229999542236328,126.80000305175781,298.3999938964844,93.19999694824219
2019-10-17,27.125,126.9800033569336,299.2799987792969,93.80999755859375
2019-10-18,26.940000534057617,127.13999938964844,297.9700012207031,94.52999877929688
2019-10-21,27.049999237060547,126.8499984741211,299.989990234375,95.25
2019-10-22,26.863000869750977,127.06999969482422,299.010009765625,94.97000122070312
2019-10-23,26.82699966430664,127.13999938964844,299.8800048828125,95.18000030517578
2019-10-24,27.174999237060547,127.41999816894531,300.3699951171875,94.94000244140625
2019-10-25,27.3700008392334,127.19999694824219,301.6000061035156,94.12999725341797
2019-10-28,27.599000930786133,126.81999969482422,303.29998779296875,93.55999755859375
2019-10-29,27.450000762939453,126.48999786376953,303.2099914550781,94.12999725341797
2019-10-30,27.6299991607666,126.94000244140625,304.1400146484375,94.47000122070312
2019-10-31,27.440000534057617,127.70999908447266,303.3299865722656,94.30000305175781
2019-11-01,27.670000076293945,127.48999786376953,306.1400146484375,94.27999877929688
2019-11-04,27.93000030517578,126.88999938964844,307.3699951171875,93.62000274658203
2019-11-05,27.839000701904297,126.16000366210938,307.0299987792969,92.02999877929688
2019-11-06,27.920000076293945,126.87000274658203,307.1000061035156,92.2300033569336
2019-11-07,28.059999465942383,125.87999725341797,308.17999267578125,91.30999755859375
2019-11-08,28.042999267578125,125.70999908447266,308.94000244140625,91.08999633789062
2019-11-11,27.979999542236328,125.75,308.3500061035156,91.29000091552734
2019-11-12,27.993000030517578,125.87000274658203,309.0,90.5999984741211
2019-11-13,27.98900032043457,126.16999816894531,309.1000061035156,91.43000030517578
2019-11-14,27.969999313354492,126.83000183105469,309.54998779296875,92.13999938964844
2019-11-15,28.079999923706055,126.8499984741211,311.7900085449219,92.63999938964844
2019-11-18,28.1299991607666,126.98999786376953,312.0199890136719,93.08999633789062
2019-11-19,28.219999313354492,127.23999786376953,311.92999267578125,93.25
2019-11-20,28.104000091552734,127.41999816894531,310.7699890136719,93.19999694824219
2019-11-21,28.1200008392334,127.12000274658203,310.2699890136719,91.88999938964844
2019-11-22,28.079999923706055,127.47000122070312,310.9599914550781,91.55000305175781
2019-11-25,28.21500015258789,127.91000366210938,313.3699951171875,91.83999633789062
2019-11-26,28.299999237060547,128.24000549316406,314.0799865722656,93.05999755859375
2019-11-27,28.299999237060547,128.22999572753906,315.4800109863281,93.5
2019-11-29,28.229999542236328,127.97000122070312,314.30999755859375,93.06999969482422
2019-12-02,27.84000015258789,127.06999969482422,311.6400146484375,91.66000366210938
2019-12-03,27.694000244140625,128.0500030517578,309.54998779296875,92.25
2019-12-04,27.709999084472656,127.87999725341797,311.4599914550781,92.62999725341797
2019-12-05,27.770000457763672,127.73999786376953,312.0199890136719,92.68000030517578
2019-12-06,27.985000610351562,127.66999816894531,314.8699951171875,92.87000274658203
2019-12-09,27.950000762939453,127.6500015258789,313.8800048828125,93.05000305175781
2019-12-10,27.90399932861328,127.6500015258789,313.5299987792969,92.51000213623047
2019-12-11,28.020000457763672,128.14999389648438,314.4200134277344,91.56999969482422
2019-12-12,28.389999389648438,127.55999755859375,317.1300048828125,90.33000183105469
2019-12-13,28.61199951171875,128.38999938964844,317.32000732421875,90.3499984741211
2019-12-16,28.684999465942383,128.10000610351562,319.5,91.0
2019-12-17,28.71500015258789,128.0,319.57000732421875,90.13999938964844
2019-12-18,28.639999389648438,127.91000366210938,319.5899963378906,90.2699966430664
2019-12-19,28.714000701904297,127.69999694824219,320.8999938964844,91.06999969482422
2019-12-20,28.979999542236328,127.66000366210938,320.7300109863281,91.56999969482422
2019-12-23,29.020000457763672,127.72000122070312,321.2200012207031,91.11000061035156
2019-12-24,28.408000946044922,127.8499984741211,321.2300109863281,91.3499984741211
2019-12-26,28.635000228881836,128.0800018310547,322.94000244140625,91.75
2019-12-27,28.709999084472656,128.25999450683594,322.8599853515625,92.04000091552734
2019-12-30,28.489999771118164,128.49000549316406,321.0799865722656,92.12999725341797
2019-12-31,28.360000610351562,127.95999908447266,321.8599853515625,92.79000091552734
2020-01-02,28.90999984741211,128.22999572753906,324.8699951171875,91.69999694824219
2020-01-03,28.760000228881836,128.6699981689453,322.4100036621094,92.2699966430664
2020-01-06,28.805999755859375,128.24000549316406,323.6400146484375,92.37999725341797
2020-01-07,28.834999084472656,127.91000366210938,322.7300109863281,91.3499984741211
2020-01-08,29.0,127.7300033569336,324.45001220703125,91.62999725341797
2020-01-09,29.139999389648438,128.33999633789062,326.6499938964844,91.58000183105469
2020-01-10,29.1200008392334,128.6999969482422,325.7099914550781,92.27999877929688
2020-01-13,29.354999542236328,128.38999938964844,327.95001220703125,93.38999938964844
2020-01-14,29.3700008392334,128.5500030517578,327.45001220703125,93.04000091552734
2020-01-15,29.297000885009766,128.8300018310547,328.19000244140625,93.87999725341797
2020-01-16,29.600000381469727,129.00999450683594,330.9200134277344,94.62999725341797
2020-01-17,29.68000030517578,128.99000549316406,331.95001220703125,94.72000122070312
2020-01-21,29.740999221801758,129.61000061035156,331.29998779296875,95.62000274658203
2020-01-22,29.940000534057617,129.67999267578125,331.3399963378906,94.9800033569336
2020-01-23,29.850000381469727,129.85000610351562,331.7200012207031,95.77999877929688
2020-01-24,29.867000579833984,130.07000732421875,328.7699890136719,95.44999694824219
2020-01-27,29.174999237060547,130.32000732421875,323.5,94.98999786376953
2020-01-28,29.541000366210938,130.25,326.8900146484375,95.37000274658203
2020-01-29,29.540000915527344,130.6699981689453,326.6199951171875,95.0199966430664
2020-01-30,29.479999542236328,130.75,327.67999267578125,95.08999633789062
2020-01-31,29.05900001525879,131.08999633789062,321.7300109863281,93.93000030517578
2020-02-03,29.25,130.64999389648438,324.1199951171875,94.23999786376953
2020-02-04,29.924999237060547,130.3300018310547,329.05999755859375,95.20999908447266
2020-02-05,30.131000518798828,130.25,332.8599853515625,95.2699966430664
2020-02-06,30.350000381469727,130.19000244140625,333.9800109863281,95.58999633789062
2020-02-07,30.0049991607666,130.69000244140625,332.20001220703125,95.56999969482422
2020-02-10,30.350000381469727,131.0,334.67999267578125,96.63999938964844
2020-02-11,30.541000366210938,130.80999755859375,335.260009765625,97.37000274658203
2020-02-12,30.760000228881836,130.75,337.4200134277344,97.94999694824219
2020-02-13,30.674999237060547,130.66000366210938,337.05999755859375,98.54000091552734
2020-02-14,30.825000762939453,130.97999572753906,337.6000061035156,99.55999755859375
2020-02-18,30.81999969482422,131.22999572753906,336.7300109863281,99.44999694824219
2020-02-19,31.1560001373291,131.0500030517578,338.3399963378906,98.11000061035156
2020-02-20,30.979999542236328,131.49000549316406,336.95001220703125,99.27999877929688
2020-02-21,30.3700008392334,131.75,333.4800109863281,99.56999969482422
2020-02-24,29.266000747680664,131.77000427246094,322.4200134277344,98.20999908447266
2020-02-25,28.354000091552734,131.89999389648438,312.6499938964844,95.55000305175781
2020-02-26,28.395000457763672,131.41000366210938,311.5,94.5199966430664
2020-02-27,27.402000427246094,130.7100067138672,297.510009765625,89.48999786376953
2020-02-28,27.09000015258789,132.17999267578125,296.260009765625,87.33000183105469
2020-03-02,28.006000518798828,131.6999969482422,309.0899963378906,91.05999755859375
2020-03-03,27.329999923706055,133.1999969482422,300.239990234375,90.8499984741211
2020-03-04,28.35700035095215,133.38999938964844,312.8599853515625,94.27999877929688
2020-03-05,27.573999404907227,133.33999633789062,302.4599914550781,92.26000213623047
2020-03-06,26.964000701904297,134.27000427246094,297.4599914550781,90.66999816894531
2020-03-09,25.0,131.00999450683594,274.2300109863281,83.68000030517578
2020-03-10,26.166000366210938,128.05999755859375,288.4200134277344,86.54000091552734
2020-03-11,24.975000381469727,123.8499984741211,274.3599853515625,81.33999633789062
2020-03-12,22.761999130249023,117.94000244140625,248.11000061035156,73.0999984741211
2020-03-13,23.97800064086914,123.05000305175781,269.32000732421875,79.4800033569336
2020-03-16,22.260000228881836,121.30000305175781,239.85000610351562,65.38999938964844
2020-03-17,22.549999237060547,116.33000183105469,252.8000030517578,69.16999816894531
2020-03-18,21.350000381469727,110.51000213623047,240.0,62.59000015258789
2020-03-19,21.805999755859375,105.05000305175781,240.50999450683594,62.810001373291016
2020-03-20,21.48200035095215,106.73999786376953,228.8000030517578,59.68000030517578
2020-03-23,21.31999969482422,114.62999725341797,222.9499969482422,56.90999984741211
2020-03-24,23.51300048828125,116.9800033569336,243.14999389648438,62.029998779296875
2020-03-25,23.84000015258789,122.58000183105469,246.7899932861328,65.37000274658203
2020-03-26,24.93199920654297,122.68000030517578,261.20001220703125,69.9800033569336
2020-03-27,24.100000381469727,122.43000030517578,253.4199981689453,70.05000305175781
2020-03-30,24.724000930786133,123.91999816894531,261.6499938964844,71.58000183105469
2020-03-31,24.21299934387207,123.51000213623047,257.75,69.8499984741211
2020-04-01,23.274999618530273,121.41000366210938,246.14999389648438,65.26000213623047
2020-04-02,23.274999618530273,121.7300033569336,251.8300018310547,65.4800033569336
2020-04-03,23.281999588012695,121.0999984741211,248.19000244140625,64.52999877929688
2020-04-06,24.98699951171875,123.48999786376953,264.8599853515625,69.30999755859375
2020-04-07,25.0,123.68000030517578,265.1300048828125,69.94999694824219
2020-04-08,25.59000015258789,125.91000366210938,274.0299987792969,74.72000122070312
2020-04-09,25.812000274658203,131.8300018310547,278.20001220703125,78.91000366210938
2020-04-13,25.714000701904297,130.5500030517578,275.6600036621094,75.58999633789062
2020-04-14,26.447999954223633,129.91000366210938,283.7900085449219,77.70999908447266
2020-04-15,25.716999053955078,130.77999877929688,277.760009765625,74.62999725341797
2020-04-16,25.799999237060547,130.1300048828125,279.1000061035156,73.77999877929688
2020-04-17,26.32900047302246,130.55999755859375,286.6400146484375,76.11000061035156
2020-04-20,26.1560001373291,129.82000732421875,281.5899963378906,73.27999877929688
2020-04-21,25.16200065612793,129.36000061035156,273.0400085449219,71.94999694824219
2020-04-22,25.993000030517578,129.44000244140625,279.1000061035156,73.05000305175781
2020-04-23,26.010000228881836,129.99000549316406,279.0799865722656,72.44000244140625
2020-04-24,26.239999771118164,129.89999389648438,282.9700012207031,72.75
2020-04-27,26.579999923706055,128.85000610351562,287.04998779296875,75.23999786376953
2020-04-28,26.5,129.1999969482422,285.7300109863281,75.86000061035156
2020-04-29,27.299999237060547,130.0500030517578,293.2099914550781,77.0
2020-04-30,26.902000427246094,129.1699981689453,290.4800109863281,76.11000061035156
2020-05-01,25.988000869750977,128.33999633789062,282.7900085449219,73.54000091552734
2020-05-04,26.242000579833984,128.5399932861328,283.57000732421875,73.18000030517578
2020-05-05,26.389999389648438,128.3699951171875,286.19000244140625,73.54000091552734
2020-05-06,26.479999542236328,126.93000030517578,284.25,72.22000122070312
2020-05-07,27.104999542236328,127.2699966430664,287.67999267578125,73.25
2020-05-08,27.479000091552734,126.66000366210938,292.44000244140625,74.98999786376953
2020-05-11,27.6200008392334,125.55000305175781,292.5,73.9000015258789
2020-05-12,27.11199951171875,126.76000213623047,286.6700134277344,70.54000091552734
2020-05-13,26.520999908447266,127.05000305175781,281.6000061035156,68.83000183105469
2020-05-14,26.8439998626709,128.10000610351562,284.9700012207031,69.06999969482422
2020-05-15,26.945999145507812,128.5500030517578,286.2799987792969,68.80000305175781
2020-05-18,27.79400062561035,129.27999877929688,295.0,72.87000274658203
2020-05-19,27.719999313354492,129.3800048828125,291.9700012207031,71.88999938964844
2020-05-20,28.21500015258789,130.8000030517578,296.92999267578125,72.52999877929688
2020-05-21,27.850000381469727,130.6999969482422,294.8800048828125,72.58999633789062
2020-05-22,27.708999633789062,130.6999969482422,295.44000244140625,73.56999969482422
2020-05-26,28.10300064086914,130.52000427246094,299.0799865722656,76.31999969482422
2020-05-27,28.42099952697754,131.05999755859375,303.5299987792969,77.83999633789062
2020-05-28,28.413999557495117,131.1699981689453,302.9700012207031,78.20999908447266
2020-05-29,28.781999588012695,132.02000427246094,304.32000732421875,77.43000030517578
2020-06-01,28.847000122070312,131.63999938964844,305.54998779296875,79.22000122070312
2020-06-02,29.124000549316406,132.05999755859375,308.0799865722656,79.86000061035156
2020-06-03,29.53499984741211,131.97999572753906,312.17999267578125,82.41999816894531
2020-06-04,29.351999282836914,131.5800018310547,311.3599853515625,81.5999984741211
2020-06-05,30.04199981689453,132.25999450683594,319.3399963378906,84.69000244140625
2020-06-08,30.334999084472656,132.6999969482422,323.20001220703125,86.79000091552734
2020-06-09,30.195999145507812,132.4199981689453,320.7900085449219,85.3499984741211
2020-06-10,30.344999313354492,133.2899932861328,319.0,83.18000030517578
2020-06-11,28.540000915527344,131.6999969482422,300.6099853515625,77.83999633789062
2020-06-12,28.979999542236328,132.33999633789062,304.2099914550781,80.62999725341797
2020-06-15,29.097000122070312,134.22000122070312,307.04998779296875,81.7699966430664
2020-06-16,29.52400016784668,133.85000610351562,312.9599914550781,83.37999725341797
2020-06-17,29.639999389648438,133.58999633789062,311.6600036621094,82.16999816894531
2020-06-18,29.56399917602539,133.88999938964844,311.7799987792969,81.2699966430664
2020-06-19,29.513999938964844,133.99000549316406,308.6400146484375,80.08999633789062
2020-06-22,29.909000396728516,133.86000061035156,310.6199951171875,80.01000213623047
2020-06-23,30.097999572753906,133.61000061035156,312.04998779296875,79.68000030517578
2020-06-24,29.416000366210938,133.24000549316406,304.0899963378906,77.41000366210938
2020-06-25,29.764999389648438,133.3800048828125,307.3500061035156,77.62999725341797
2020-06-26,29.329999923706055,133.5,300.04998779296875,76.13999938964844
2020-06-29,29.437000274658203,134.1199951171875,304.4599914550781,77.61000061035156
2020-06-30,29.996000289916992,134.5,308.3599853515625,78.52999877929688
2020-07-01,30.256999969482422,134.72000122070312,310.5199890136719,80.33999633789062
2020-07-02,30.483999252319336,135.0500030517578,312.2300109863281,80.11000061035156
2020-07-06,31.118000030517578,135.39999389648438,317.04998779296875,80.06999969482422
2020-07-07,30.770000457763672,135.5800018310547,313.7799987792969,78.4800033569336
2020-07-08,31.200000762939453,135.36000061035156,316.17999267578125,78.37000274658203
2020-07-09,31.350000381469727,136.1199951171875,314.3800048828125,77.87999725341797
2020-07-10,31.350000381469727,135.8699951171875,317.5899963378906,78.12000274658203
2020-07-13,30.841999053955078,135.50999450683594,314.8399963378906,77.19000244140625
2020-07-14,31.0,136.3000030517578,318.9200134277344,77.83999633789062
2020-07-15,31.299999237060547,136.57000732421875,321.8500061035156,78.5999984741211
2020-07-16,31.094999313354492,136.9499969482422,320.7900085449219,77.66000366210938
2020-07-17,31.260000228881836,137.32000732421875,321.7200012207031,78.66999816894531
2020-07-20,31.851999282836914,137.6999969482422,324.32000732421875,77.7300033569336
2020-07-21,31.899999618530273,137.8800048828125,325.010009765625,77.91999816894531
2020-07-22,32.07500076293945,138.3300018310547,326.8599853515625,79.11000061035156
2020-07-23,31.670000076293945,138.42999267578125,322.9599914550781,78.77999877929688
2020-07-24,31.476999282836914,138.1199951171875,320.8800048828125,78.19999694824219
2020-07-27,32.0,137.6999969482422,323.2200012207031,78.94000244140625
2020-07-28,31.597000122070312,137.55999755859375,321.1700134277344,80.51000213623047
2020-07-29,32.27000045776367,138.30999755859375,325.1199951171875,82.06999969482422
2020-07-30,32.090999603271484,138.16000366210938,323.9599914550781,81.54000091552734
2020-07-31,32.073001861572266,138.35000610351562,326.5199890136719,81.38999938964844
2020-08-03,32.483001708984375,138.24000549316406,328.7900085449219,80.30999755859375
2020-08-04,32.70500183105469,138.75,330.05999755859375,81.51000213623047
2020-08-05,33.05500030517578,138.55999755859375,332.1099853515625,81.0999984741211
2020-08-06,33.130001068115234,139.14999389648438,334.3299865722656,81.2300033569336
2020-08-07,32.92499923706055,138.75999450683594,334.57000732421875,82.38999938964844
2020-08-10,32.80500030517578,138.4600067138672,335.57000732421875,82.5199966430664
2020-08-11,32.5099983215332,137.58999633789062,332.79998779296875,81.33000183105469
2020-08-12,32.999000549316406,137.25,337.44000244140625,82.1500015258789
2020-08-13,32.709999084472656,136.00999450683594,336.8299865722656,81.13999938964844
2020-08-14,32.737998962402344,135.41000366210938,336.8399963378906,81.1500015258789
2020-08-17,33.130001068115234,135.69000244140625,337.9100036621094,81.80999755859375
2020-08-18,33.16999816894531,136.0800018310547,338.6400146484375,81.41999816894531
2020-08-19,33.05400085449219,135.72000122070312,337.2300109863281,79.98999786376953
2020-08-20,33.2239990234375,136.1999969482422,338.2799987792969,80.75
2020-08-21,33.28499984741211,136.4499969482422,339.4800109863281,80.87999725341797
2020-08-24,33.481998443603516,136.2100067138672,342.9200134277344,81.4000015258789
2020-08-25,33.87099838256836,135.6199951171875,344.1199951171875,81.61000061035156
2020-08-26,34.505001068115234,135.6699981689453,347.57000732421875,80.86000061035156
2020-08-27,34.52000045776367,134.58999633789062,348.3299865722656,82.05000305175781
2020-08-28,34.7599983215332,135.0,350.5799865722656,82.58999633789062
2020-08-31,34.709999084472656,135.60000610351562,349.30999755859375,81.75
2020-09-01,35.04999923706055,136.16000366210938,352.6000061035156,81.80999755859375
2020-09-02,35.65999984741211,136.6999969482422,357.70001220703125,83.33000183105469
2020-09-03,34.25,136.39999389648438,345.3900146484375,82.33000183105469
2020-09-04,33.61600112915039,134.9499969482422,342.57000732421875,81.9000015258789
2020-09-08,32.72999954223633,135.0800018310547,333.2099914550781,80.9000015258789
2020-09-09,33.691001892089844,135.1699981689453,339.7900085449219,81.69999694824219
2020-09-10,33.130001068115234,135.27000427246094,333.8900146484375,80.69999694824219
2020-09-11,33.130001068115234,135.3699951171875,334.05999755859375,80.25
2020-09-14,33.72700119018555,135.7100067138672,338.4599914550781,82.20999908447266
2020-09-15,34.03499984741211,135.86000061035156,340.1700134277344,83.19999694824219
2020-09-16,33.88199996948242,135.9499969482422,338.82000732421875,83.63999938964844
2020-09-17,33.558998107910156,135.97999572753906,335.8399963378906,82.01000213623047
2020-09-18,33.229000091552734,135.72999572753906,330.6499938964844,80.16000366210938
2020-09-21,33.027000427246094,135.60000610351562,326.9700012207031,77.75
2020-09-22,33.487998962402344,135.67999267578125,330.29998779296875,78.68000030517578
2020-09-23,32.59400177001953,134.6999969482422,322.6400146484375,76.30999755859375
2020-09-24,32.625,134.36000061035156,323.5,76.72000122070312
2020-09-25,33.02299880981445,134.22000122070312,328.7300109863281,77.69999694824219
2020-09-28,33.6150016784668,134.89999389648438,334.19000244140625,79.29000091552734
2020-09-29,33.617000579833984,134.72999572753906,332.3699951171875,78.72000122070312
2020-09-30,33.810001373291016,134.7100067138672,334.8900146484375,78.95999908447266
2020-10-01,34.02000045776367,134.7899932861328,337.0400085449219,80.54000091552734
2020-10-02,33.61000061035156,134.80999755859375,333.8399963378906,81.93000030517578
2020-10-05,34.25,134.36000061035156,339.760009765625,82.4000015258789
2020-10-06,33.847999572753906,134.25,334.92999267578125,81.86000061035156
2020-10-07,34.55500030517578,134.2899932861328,340.760009765625,81.9800033569336
2020-10-08,34.816001892089844,134.6199951171875,343.7799987792969,83.3499984741211
2020-10-09,35.15999984741211,134.92999267578125,346.8500061035156,83.0199966430664
2020-10-12,35.59000015258789,135.7100067138672,352.42999267578125,83.41000366210938
2020-10-13,35.505001068115234,135.5800018310547,350.1300048828125,81.9800033569336
2020-10-14,35.25699996948242,135.7100067138672,347.92999267578125,80.9800033569336
2020-10-15,34.874000549316406,135.57000732421875,347.5,81.4000015258789
2020-10-16,35.0099983215332,135.33999633789062,347.2900085449219,80.81999969482422
2020-10-19,34.47600173950195,135.0800018310547,342.010009765625,79.55999755859375
2020-10-20,34.62799835205078,134.8000030517578,343.3800048828125,80.12999725341797
2020-10-21,34.529998779296875,134.5800018310547,342.7300109863281,79.88999938964844
2020-10-22,34.31700134277344,134.27999877929688,344.6099853515625,79.87999725341797
2020-10-23,34.29999923706055,134.6199951171875,345.7799987792969,80.36000061035156
2020-10-26,33.24700164794922,134.89999389648438,339.3900146484375,79.20999908447266
2020-10-27,33.20899963378906,135.4499969482422,338.2200012207031,77.94000244140625
2020-10-28,31.940000534057617,134.77999877929688,326.6600036621094,76.08000183105469
2020-10-29,32.15999984741211,134.42999267578125,329.9800109863281,77.0999984741211
2020-10-30,31.552000045776367,133.72999572753906,326.5400085449219,76.58999633789062
2020-11-02,31.819000244140625,133.97000122070312,330.20001220703125,78.41999816894531
2020-11-03,32.59700012207031,134.10000610351562,336.0299987792969,79.93000030517578
2020-11-04,33.38999938964844,136.11000061035156,343.5400085449219,80.06999969482422
2020-11-05,34.2599983215332,136.6199951171875,350.239990234375,80.44999694824219
2020-11-06,34.470001220703125,136.19000244140625,350.1600036621094,79.9000015258789
2020-11-09,34.540000915527344,135.16000366210938,354.55999755859375,82.7300033569336
2020-11-10,34.01300048828125,134.80999755859375,354.0400085449219,83.94000244140625
2020-11-11,34.62799835205078,135.05999755859375,356.6700134277344,84.26000213623047
2020-11-12,34.20100021362305,135.60000610351562,353.2099914550781,83.16000366210938
2020-11-13,34.599998474121094,135.75999450683594,358.1000061035156,85.37999725341797
2020-11-16,35.099998474121094,136.1999969482422,362.57000732421875,86.33999633789062
2020-11-17,35.130001068115234,136.63999938964844,360.6199951171875,86.41999816894531
2020-11-18,34.939998626708984,136.92999267578125,356.2799987792969,84.73999786376953
2020-11-19,35.130001068115234,137.69000244140625,357.7799987792969,85.06999969482422
2020-11-20,35.012001037597656,137.57000732421875,355.3299865722656,84.61000061035156
2020-11-23,35.220001220703125,137.74000549316406,357.4599914550781,84.7699966430664
2020-11-24,35.81999969482422,137.42999267578125,363.2200012207031,85.22000122070312
2020-11-25,35.845001220703125,137.50999450683594,362.6600036621094,85.2699966430664
2020-11-27,36.04999923706055,138.0,363.6700134277344,84.88999938964844
2020-11-30,35.91899871826172,138.47999572753906,362.05999755859375,84.0
2020-12-01,36.45000076293945,137.67999267578125,366.0199890136719,85.08000183105469
2020-12-02,36.36000061035156,137.22000122070312,366.7900085449219,84.41000366210938
2020-12-03,36.38999938964844,137.75999450683594,366.69000244140625,85.12000274658203
2020-12-04,36.880001068115234,137.0,369.8500061035156,86.41999816894531
2020-12-07,36.694000244140625,137.1199951171875,369.0899963378906,85.66999816894531
2020-12-08,36.810001373291016,136.9600067138672,370.1700134277344,85.37000274658203
2020-12-09,36.3129997253418,136.4600067138672,366.8500061035156,84.83999633789062
2020-12-10,36.380001068115234,137.13999938964844,366.7300109863281,84.47000122070312
2020-12-11,36.29199981689453,137.27999877929688,366.29998779296875,84.38999938964844
2020-12-14,36.61000061035156,137.17999267578125,364.6600036621094,84.0199966430664
2020-12-15,36.89500045776367,137.4499969482422,369.5899963378906,85.73999786376953
2020-12-16,37.16999816894531,137.33999633789062,370.1700134277344,85.83999633789062
2020-12-17,37.53099822998047,137.25999450683594,372.239990234375,86.66999816894531
2020-12-18,37.33000183105469,137.16000366210938,369.17999267578125,84.93000030517578
2020-12-21,37.08000183105469,136.88999938964844,367.8599853515625,84.44999694824219
2020-12-22,37.14899826049805,137.27000427246094,367.239990234375,85.04000091552734
2020-12-23,37.04999923706055,137.3000030517578,367.57000732421875,84.48999786376953
2020-12-24,37.0,137.77000427246094,369.0,83.87999725341797
2020-12-28,37.11000061035156,137.86000061035156,372.1700134277344,84.37999725341797
2020-12-29,37.029998779296875,137.9199981689453,371.4599914550781,83.66000366210938
2020-12-30,37.459999084472656,138.10000610351562,371.989990234375,84.12000274658203
2020-12-31,37.48400115966797,138.1300048828125,373.8800048828125,84.93000030517578
2021-01-04,37.47999954223633,137.42999267578125,368.7900085449219,82.16999816894531
2021-01-05,37.77399826049805,136.99000549316406,371.3299865722656,82.29000091552734
2021-01-06,37.63999938964844,135.8800048828125,373.54998779296875,82.43000030517578
2021-01-07,38.36000061035156,135.86000061035156,379.1000061035156,82.2699966430664
2021-01-08,38.849998474121094,135.75999450683594,381.260009765625,83.06999969482422
2021-01-11,38.45000076293945,135.17999267578125,378.69000244140625,81.97000122070312
2021-01-12,38.625,135.47000122070312,378.7699890136719,82.16000366210938
2021-01-13,38.650001525878906,136.52000427246094,379.7900085449219,83.16000366210938
2021-01-14,38.7400016784668,135.92999267578125,378.4599914550781,83.6500015258789
2021-01-15,38.290000915527344,136.13999938964844,375.70001220703125,84.61000061035156
2021-01-19,38.7400016784668,136.3800048828125,378.6499938964844,84.37000274658203
2021-01-20,39.20800018310547,136.33999633789062,383.8900146484375,85.9800033569336
2021-01-21,39.435001373291016,135.8000030517578,384.239990234375,85.56999969482422
2021-01-22,38.959999084472656,135.6999969482422,382.8800048828125,85.7699966430664
2021-01-25,38.9109992980957,136.27999877929688,384.3900146484375,86.41999816894531
2021-01-26,38.8849983215332,136.27000427246094,383.7900085449219,87.02999877929688
2021-01-27,37.810001373291016,136.02999877929688,374.4100036621094,85.48999786376953
2021-01-28,38.45000076293945,135.80999755859375,377.6300048828125,85.94999694824219
2021-01-29,37.61000061035156,135.60000610351562,370.07000732421875,84.95999908447266
2021-02-01,38.31999969482422,135.60000610351562,376.2300109863281,86.9000015258789
2021-02-02,39.02299880981445,135.24000549316406,381.54998779296875,87.41999816894531
2021-02-03,39.150001525878906,134.9199981689453,381.8500061035156,87.19999694824219
2021-02-04,39.630001068115234,135.14999389648438,386.19000244140625,87.80000305175781
2021-02-05,39.84000015258789,134.7899932861328,387.7099914550781,88.11000061035156
2021-02-08,40.619998931884766,135.3699951171875,390.510009765625,88.58999633789062
2021-02-09,40.77000045776367,135.16000366210938,390.25,88.9000015258789
2021-02-10,40.72999954223633,135.47999572753906,390.0799865722656,89.37999725341797
2021-02-11,41.222999572753906,135.1199951171875,390.7099914550781,89.56999969482422
2021-02-12,41.790000915527344,134.67999267578125,392.6400146484375,89.58999633789062
2021-02-16,41.83000183105469,133.72999572753906,392.29998779296875,88.9000015258789
2021-02-17,41.6150016784668,134.39999389648438,392.3900146484375,88.79000091552734
2021-02-18,41.41699981689453,134.13999938964844,390.7200012207031,88.41000366210938
2021-02-19,41.68000030517578,133.1699981689453,390.0299987792969,88.91999816894531
2021-02-22,40.970001220703125,132.33999633789062,387.0299987792969,89.66000366210938
2021-02-23,40.72999954223633,132.44000244140625,387.5,90.22000122070312
2021-02-24,41.0099983215332,132.63999938964844,391.7699890136719,90.91000366210938
2021-02-25,39.75,130.5399932861328,382.3299865722656,89.16999816894531
2021-02-26,39.54999923706055,132.27000427246094,380.3599853515625,87.87000274658203
2021-03-01,40.400001525878906,132.1300048828125,389.5799865722656,88.26000213623047
2021-03-02,40.220001220703125,131.97999572753906,386.5400085449219,87.41000366210938
2021-03-03,39.33000183105469,131.0,381.4200134277344,86.91000366210938
2021-03-04,38.34000015258789,129.92999267578125,376.70001220703125,85.91999816894531
2021-03-05,39.099998474121094,129.75999450683594,383.6300048828125,86.86000061035156
2021-03-08,38.38199996948242,128.5500030517578,381.7200012207031,87.61000061035156
2021-03-09,39.5,129.52000427246094,387.1700134277344,88.19000244140625
2021-03-10,39.444000244140625,130.1300048828125,389.5799865722656,89.06999969482422
2021-03-11,40.3380012512207,130.2100067138672,393.5299987792969,90.11000061035156
2021-03-12,39.99599838256836,128.7100067138672,394.05999755859375,91.62000274658203
2021-03-15,40.20000076293945,129.14999389648438,396.4100036621094,92.9800033569336
2021-03-16,40.38999938964844,129.05999755859375,395.9100036621094,92.5999984741211
2021-03-17,40.516998291015625,129.17999267578125,397.260009765625,92.68000030517578
