,date,open,high,low,close,volume,daily_return,fast_close,slow_close,crossover_long,crossover_short,crossover_signal,fast_vol,slow_vol,vol_trend_long,vol_trend_short,vol_trend_signal,bollinger_mid_band,bollinger_std,bollinger_upper_band,bollinger_lower_band,bollinger_long,bollinger_short,bollinger_signal
0,2019-12-30,428.81,429.0,409.2589,414.62,12082466,,414.62,414.62,0.0,0.0,0.0,,,0.0,0.0,0.0,,,,,0.0,0.0,0.0
1,2019-12-31,405.0003,421.29,402.08,418.17,9761539,0.00856205682311506,416.9866666666667,416.45649219415424,1.0,0.0,1.0,,,0.0,0.0,0.0,,,,,0.0,0.0,0.0
2,2020-01-02,424.95,430.6957,421.71,430.24,9113793,0.028863859196020636,424.56,421.3728813569046,1.0,0.0,1.0,0.014355542128190674,0.014355542128190674,0.0,0.0,0.0,,,,,0.0,0.0,0.0
3,2020-01-03,440.5,454.0,436.92,442.75,16409329,0.029076794347340895,434.2613333333333,427.28496335721354,1.0,0.0,1.0,0.00946442005044964,0.011577107319925267,1.0,0.0,1.0,,,,,0.0,0.0,0.0
4,2020-01-06,440.47,451.56,440.0,451.4001,9807049,0.019537210615471423,443.10714838709674,432.7986402056936,1.0,0.0,1.0,0.007452534539087554,0.009422813786951208,1.0,0.0,1.0,,,,,0.0,0.0,0.0
5,2020-01-07,461.4,471.63,453.355,469.17,16859537,0.03936618534200598,456.34542222222217,439.9572279327884,1.0,0.0,1.0,0.011611408841544405,0.011514646646231055,0.0,-1.0,-1.0,,,,,0.0,0.0,0.0
6,2020-01-08,473.7,498.49,468.23,492.09,29804104,0.04885222840335057,474.3584377952755,449.03871436230907,1.0,0.0,1.0,0.013537723160342399,0.014260468024926864,1.0,0.0,1.0,,,,,0.0,0.0,0.0
7,2020-01-09,497.1,498.8,472.87,481.49,26901507,-0.02154077506147245,477.9382023529412,454.144226686165,1.0,0.0,1.0,0.039121367274328606,0.024828676881223172,0.0,-1.0,-1.0,,,,,0.0,0.0,0.0
8,2020-01-10,481.79,484.94,473.7,477.96,12365563,-0.007331408751999113,477.94912250489233,457.58061000143397,1.0,0.0,1.0,0.02933660631829994,0.025173976938164255,0.0,-1.0,-1.0,,,,,0.0,0.0,0.0
9,2020-01-13,493.5,525.63,492.0,524.85,25531104,0.09810444388651773,501.42248445747805,466.5902696201295,1.0,0.0,1.0,0.06311089372995625,0.038157673554787545,0.0,-1.0,-1.0,,,,,0.0,0.0,0.0
10,2020-01-14,544.255,547.41,524.9,538.0,27042937,0.025054777555491903,519.7201766487543,475.55417568427475,1.0,0.0,1.0,0.047044337704048055,0.03531970469052689,0.0,-1.0,-1.0,,,,,0.0,0.0,0.0
11,2020-01-15,529.76,537.84,516.7853,518.505,16462639,-0.036236059479553884,519.1124399511599,480.6474328447658,1.0,0.0,1.0,0.05598499138887351,0.039774288396459835,0.0,-1.0,-1.0,,,,,0.0,0.0,0.0
12,2020-01-16,494.08,514.46,492.17,513.49,20068904,-0.009672037878130313,516.3008767671835,484.35086018217373,1.0,0.0,1.0,0.04006633770776987,0.03852607726716836,0.0,-1.0,-1.0,,,,,0.0,0.0,0.0
13,2020-01-17,507.61,515.6699,503.16,510.19,12517514,-0.006426610060565996,513.2452518830495,487.1369672286332,1.0,0.0,1.0,0.028350276811744412,0.03695139265702434,1.0,0.0,1.0,,,,,0.0,0.0,0.0
14,2020-01-21,530.23,548.58,528.41,547.3007,33002168,0.07273897959583686,530.2734956022829,493.3694776062109,1.0,0.0,1.0,0.05193910755375291,0.03965272183361992,0.0,-1.0,-1.0,,,,,0.0,0.0,0.0
15,2020-01-22,571.51,594.5,559.1,569.43,59686356,0.04043353132930383,549.8520465461204,500.9703888975827,1.0,0.0,1.0,0.03696163186696328,0.03799530249106031,1.0,0.0,1.0,,,,,0.0,0.0,0.0
16,2020-01-23,564.08,582.0,555.6027,571.9422,37423500,0.00441178020125399,560.8972075409511,507.83643116811555,1.0,0.0,1.0,0.03289333612815427,0.036401905169433854,1.0,0.0,1.0,,,,,0.0,0.0,0.0
17,2020-01-24,570.63,573.86,554.26,564.96,27306834,-0.01220787694980352,562.9286115196667,513.2029549438329,1.0,0.0,1.0,0.030782305209502158,0.03595753160021943,1.0,0.0,1.0,,,,,0.0,0.0,0.0
18,2020-01-27,541.99,564.44,539.28,557.54,12311739,-0.013133673180402261,560.2343006208431,517.2588150127482,1.0,0.0,1.0,0.024231499068140542,0.03538855496051445,1.0,0.0,1.0,,,,,0.0,0.0,0.0
19,2020-01-28,568.44,576.81,558.08,566.82,11093082,0.016644545682821033,563.5271534507308,521.684100738731,1.0,0.0,1.0,0.021454077407768352,0.03369126871928791,1.0,0.0,1.0,503.0459000000001,52.84866817529187,555.894568175292,450.1972318247082,0.0,-1.0,-1.0
20,2020-01-29,575.69,589.7999,567.43,581.0,13250284,0.02501676017077714,572.2635808912186,526.8647346573484,1.0,0.0,1.0,0.019086411791369,0.03225599962518202,1.0,0.0,1.0,511.36490000000003,51.26825196230635,562.6331519623063,460.0966480376937,0.0,-1.0,-1.0
21,2020-01-30,632.42,650.88,618.0,640.93,26845261,0.10314974182444048,606.5967986312862,536.6282534411548,1.0,0.0,1.0,0.055309574217601624,0.03992830631369131,0.0,-1.0,-1.0,522.5029000000001,54.0764392699134,576.5793392699135,468.42646073008666,0.0,-1.0,-1.0
22,2020-01-31,638.68,653.0,632.52,650.48,15067058,0.014900223113288646,628.5384019312861,546.195272946263,1.0,0.0,1.0,0.047651352893655234,0.03822063378465912,0.0,-1.0,-1.0,533.5149,56.662145967006204,590.1770459670062,476.8527540329938,0.0,-1.0,-1.0
23,2020-02-03,673.69,786.14,673.52,780.28,45229406,0.19954495142048945,704.4092054878954,565.5355180894652,1.0,0.0,1.0,0.10501244432728504,0.06229021778360824,0.0,-1.0,-1.0,550.3914000000001,75.37967036665995,625.7710703666601,475.0117296333401,0.0,-1.0,-1.0
24,2020-02-04,882.96,968.9899,833.88,887.72,53837004,0.137694161070385,796.0646054754915,591.7443617938919,1.0,0.0,1.0,0.07519527666932956,0.06600685316499541,0.0,-1.0,-1.0,572.207395,103.21983528592324,675.4272302859233,468.9875597140768,0.0,-1.0,-1.0
25,2020-02-05,822.8,845.98,704.1106,734.72,44703541,-0.17235164240976886,765.3923022806928,603.210164786721,1.0,0.0,1.0,0.19146737285319596,0.0879515111051696,0.0,-1.0,-1.0,585.4848949999999,106.30149660359277,691.7863916035927,479.18339839640714,0.0,-1.0,-1.0
26,2020-02-06,699.92,795.83,687.0,748.5,38382071,0.018755444250871056,756.9461510774177,614.7094505963053,1.0,0.0,1.0,0.13768771545144878,0.08433734905123011,0.0,-1.0,-1.0,598.305395,109.8477820163236,708.1531770163235,488.45761298367637,0.0,-1.0,-1.0
27,2020-02-07,731.0,769.75,730.0,747.9808,16311618,-0.0006936539746158488,752.4634755220096,625.1305752769593,1.0,0.0,1.0,0.09736189175290362,0.08125289242535788,0.0,-1.0,-1.0,611.6299349999999,111.08796706187992,722.7179020618798,500.54196793812,0.0,-1.0,-1.0
28,2020-02-10,800.41,819.99,752.4,770.8467,23238209,0.030570169715586237,761.6550877781256,636.3983049388405,1.0,0.0,1.0,0.07154141017332047,0.07798607617306427,1.0,0.0,1.0,626.27427,111.8418497783934,738.1161197783933,514.4324202216067,0.0,-1.0,-1.0
29,2020-02-11,768.5,783.5061,758.0,774.02,11177954,0.0041166421287137656,767.8375438948207,646.9310057592744,1.0,0.0,1.0,0.05099971646257917,0.07510184857404613,1.0,0.0,1.0,638.73277,113.80986489903641,752.5426348990363,524.9229051009636,0.0,-1.0,-1.0
30,2020-02-12,778.0,789.75,763.37,767.44,11193209,-0.008501072323712444,767.6387719473178,656.0666101310451,1.0,0.0,1.0,0.037691712635178856,0.07267283914726964,1.0,0.0,1.0,650.20477,114.68201943240629,764.8867894324063,535.5227505675938,0.0,-1.0,-1.0
31,2020-02-13,741.84,818.0,735.0,803.86,24953651,0.04745647868237257,785.7493859778757,667.172411529066,1.0,0.0,1.0,0.03922932284054588,0.07019364724363707,1.0,0.0,1.0,664.47252,115.18430826239708,779.6568282623971,549.288211737603,0.0,-1.0,-1.0
32,2020-02-14,787.22,812.97,785.5,799.9724,14271351,-0.004836165501455492,792.8608929897657,677.0706087861167,1.0,0.0,1.0,0.03286761193211401,0.06790562318521703,1.0,0.0,1.0,678.7966400000001,113.21659734816349,792.0132373481637,565.5800426518366,0.0,-1.0,-1.0
33,2020-02-18,841.6,860.0,832.36,858.66,14593786,0.0733620309900691,825.7604464967977,690.503649755342,1.0,0.0,1.0,0.045461230029628825,0.06678849505980528,1.0,0.0,1.0,696.2201400000001,112.715996753888,808.9361367538881,583.5041432461121,0.0,-1.0,-1.0
34,2020-02-19,923.5,944.78,901.02,916.96,23657004,0.06789648987957997,871.360223249726,707.1391373385211,1.0,0.0,1.0,0.035992212385128064,0.06526307373449346,1.0,0.0,1.0,714.7031050000002,117.22890537192806,831.9320103719282,597.4741996280721,0.0,-1.0,-1.0
35,2020-02-20,911.81,912.0,859.94,899.18,16797173,-0.01939015878555239,885.2701116250654,721.1554544995158,1.0,0.0,1.0,0.05200985822411933,0.06407296799566257,1.0,0.0,1.0,731.1906050000001,118.8985426555831,850.0891476555832,612.292062344417,0.0,-1.0,-1.0
36,2020-02-21,906.74,913.06,880.45,901.0,13379998,0.002024066371583144,893.1350558125899,734.2030747486812,1.0,0.0,1.0,0.03800009665372863,0.06196939989858558,1.0,0.0,1.0,747.6434950000001,118.46865670649564,866.1121517064958,629.1748382935045,0.0,-1.0,-1.0
37,2020-02-24,839.0,863.5,822.2,833.16,14109712,-0.07529411764705884,863.1475279061859,741.3424885554447,1.0,0.0,1.0,0.05864774489521723,0.06510526733149269,1.0,0.0,1.0,761.0534950000001,111.68679917684017,872.7402941768403,649.36669582316,0.0,0.0,0.0
38,2020-02-25,849.18,856.6,787.0,799.11,16703593,-0.04086850064813474,831.1287639530346,745.4887465646964,1.0,0.0,1.0,0.04176861380402403,0.06446967780759645,1.0,0.0,1.0,773.1319950000001,101.07777952950487,874.2097745295049,672.0542154704953,0.0,0.0,0.0
39,2020-02-26,783.0,813.31,776.11,778.8,13266973,-0.025415775049742906,804.9643819764935,747.8682185547993,1.0,0.0,1.0,0.030346374209582357,0.06287163267864183,1.0,0.0,1.0,783.7309950000001,88.65614941639136,872.3871444163915,695.0748455836087,0.0,0.0,0.0
40,2020-02-27,730.0,739.77,669.0,678.85,22838989,-0.12833846944016425,741.9071909882182,742.9600576770566,0.0,-1.0,-1.0,0.06329018924936422,0.07053206073126246,1.0,0.0,1.0,788.623495,79.06019672276,867.68369172276,709.56329827724,1.0,0.0,1.0
41,2020-02-28,629.7,690.52,611.52,667.43,23087454,-0.016822567577520875,704.6685954941005,737.6109963959087,0.0,-1.0,-1.0,0.059046573494524836,0.06809853188138695,1.0,0.0,1.0,789.948495,76.63967698398743,866.5881719839874,713.3088180160125,1.0,0.0,1.0
42,2020-03-02,711.26,743.69,686.67,743.69,18641901,0.1142591732466327,724.1792977470525,738.0398607109363,0.0,-1.0,-1.0,0.10793279104877523,0.07231532817766989,0.0,-1.0,-1.0,794.6089949999999,70.28256642899981,864.8915614289997,724.3264285710002,0.0,0.0,0.0
43,2020-03-03,805.5,806.98,716.1106,745.51,23727404,0.002447256249243468,734.8446488735268,738.5649867886632,0.0,-1.0,-1.0,0.07857887194821789,0.06971535481562709,0.0,-1.0,-1.0,792.8704949999999,71.08115721164627,863.9516522116462,721.7893377883536,0.0,0.0,0.0
44,2020-03-04,763.9603,766.52,724.7345,749.5,13975877,0.005352040884763376,742.1723244367637,739.3311310223708,1.0,0.0,1.0,0.05607748267337095,0.06721154401873464,1.0,0.0,1.0,785.959495,68.02763374974084,853.9871287497408,717.9318612502591,0.0,0.0,0.0
45,2020-03-05,723.5,745.75,718.07,723.62,10164674,-0.03452968645763843,732.8961622183817,738.2337536362908,0.0,-1.0,-1.0,0.048663276186279886,0.06566247674202624,1.0,0.0,1.0,785.404495,68.51123089153405,853.9157258915341,716.8932641084659,0.0,0.0,0.0
46,2020-03-06,693.0,707.0,684.27,703.39,23777510,-0.027956662336585558,718.1430811091908,735.8070068234775,0.0,-1.0,-1.0,0.03585603389003566,0.06383724364666038,1.0,0.0,1.0,783.1489950000001,70.50370518113093,853.6527001811311,712.6452898188692,1.0,0.0,1.0
47,2020-03-09,605.39,662.998,605.0,606.46,15637810,-0.1378040631797437,662.3015405545952,726.8225098187858,0.0,-1.0,-1.0,0.07662359136177829,0.07133492530021737,0.0,-1.0,-1.0,776.0729550000001,80.59824623075954,856.6712012307596,695.4747087692406,1.0,0.0,1.0
48,2020-03-10,659.43,668.0,608.0,645.0,14714548,0.06354912112917588,653.6507702772976,721.153220038201,0.0,-1.0,-1.0,0.10261880939741604,0.07130081049262746,0.0,-1.0,-1.0,769.7806200000001,85.77400072591966,855.5546207259198,684.0066192740804,1.0,0.0,1.0
49,2020-03-11,640.2,653.58,613.0,633.905,12845088,-0.017201550387596964,643.7778851386488,715.1219918681916,0.0,-1.0,-1.0,0.07279988068388911,0.06887001979069586,0.0,-1.0,-1.0,762.7748700000001,90.973971383497,853.748841383497,671.8008986165031,1.0,0.0,1.0
50,2020-03-12,580.0,594.5,546.25,556.01,17650406,-0.12288118882166887,599.8939425693243,704.1467289369837,0.0,-1.0,-1.0,0.08501055790834942,0.07314476497381836,0.0,-1.0,-1.0,752.2033700000001,102.01749635791876,854.2208663579188,650.1858736420813,1.0,0.0,1.0
51,2020-03-13,595.0,607.57,502.0,546.2,21281778,-0.017643567561734352,573.0469712846622,693.273711778141,0.0,-1.0,-1.0,0.06746018667408704,0.07058280192208674,1.0,0.0,1.0,739.3203700000001,111.0223706589711,850.3427406589713,628.297999341029,1.0,0.0,1.0
52,2020-03-16,469.4997,494.8699,442.17,444.9801,38445545,-0.1853165507140242,509.0135356423311,676.2131859715404,0.0,-1.0,-1.0,0.09954300809449527,0.08131764105635088,0.0,-1.0,-1.0,721.5707550000001,127.90825620354632,849.4790112035464,593.6624987964537,1.0,0.0,1.0
53,2020-03-17,440.01,471.85,396.0,430.0,23150951,-0.03366465152037135,469.5067678211655,659.3250628376582,0.0,-1.0,-1.0,0.08586826354148873,0.07850116987783277,0.0,-1.0,-1.0,700.1377550000001,139.14825346261162,839.2860084626117,560.9895015373885,1.0,0.0,1.0
54,2020-03-18,389.0,404.86,350.51,361.6,39969144,-0.1590697674418604,415.55338391058274,638.936784475958,0.0,-1.0,-1.0,0.08007405465333782,0.08319522805270912,1.0,0.0,1.0,672.369755,148.68850901444037,821.0582640144404,523.6812459855597,1.0,0.0,1.0
55,2020-03-19,374.6965,452.0,358.46,427.295,28716890,0.18167865044247788,421.42419195529135,624.4654063998665,0.0,-1.0,-1.0,0.19114208937142949,0.09769823850321342,0.0,-1.0,-1.0,648.7755050000001,148.24271654885675,797.0182215488568,500.53278845114335,1.0,0.0,1.0
56,2020-03-20,438.2,477.0,425.79,427.53,27182628,0.0005499713312815402,424.47709597764566,611.0185593314503,0.0,-1.0,-1.0,0.13657687573526206,0.0944396192479317,0.0,-1.0,-1.0,625.1020050000001,143.57573514857276,768.6777401485729,481.5262698514273,1.0,0.0,1.0
57,2020-03-23,433.55,441.9999,410.5,434.29,15611610,0.01581175590017092,429.38354798882284,598.9672749889536,0.0,-1.0,-1.0,0.09657559024534243,0.0915780737164635,0.0,-1.0,-1.0,605.1585050000001,140.8306319230954,745.9891369230955,464.32787307690467,1.0,0.0,1.0
58,2020-03-24,476.3,513.69,474.0,504.3,21685259,0.16120564599691445,466.8417739944114,592.51971700951,0.0,-1.0,-1.0,0.11202093016059221,0.09943074124456437,0.0,-1.0,-1.0,590.4180050000001,134.75937223190576,725.1773772319059,455.6586327680943,0.0,0.0,0.0
59,2020-03-25,545.25,557.0,511.11,539.175,19706795,0.06915526472337885,503.00838699720566,588.8906771462034,0.0,-1.0,-1.0,0.08011002330472718,0.09780038131911532,1.0,0.0,1.0,578.4367550000001,127.59078133924247,706.0275363392425,450.8459736607576,0.0,0.0,0.0
60,2020-03-26,547.39,560.0,512.25,528.05,16688863,-0.020633375063754844,515.5291934986028,584.7560822320099,0.0,-1.0,-1.0,0.08322267427406295,0.09457327727893466,1.0,0.0,1.0,570.896755,125.78756433397609,696.6843193339761,445.1091906660239,0.0,0.0,0.0
61,2020-03-27,505.0,525.8,494.03,514.56,13608376,-0.02554682321749835,515.0445967493014,579.9904366071714,0.0,-1.0,-1.0,0.06771121224826192,0.09152478386361365,1.0,0.0,1.0,563.253255,124.24814225215208,687.5013972521521,439.0051127478479,0.0,0.0,0.0
62,2020-03-30,510.26,516.6471,491.23,502.1,11162231,-0.024214863184079505,508.5722983746507,574.7072964032769,0.0,-1.0,-1.0,0.05045989298988468,0.08853963895389813,1.0,0.0,1.0,551.173755,117.33407802532531,668.5078330253253,433.8396769746747,0.0,0.0,0.0
63,2020-03-31,501.25,542.96,497.0,524.48,16421035,0.044572794264090776,516.5261491873254,571.3034174660844,0.0,-1.0,-1.0,0.049395149141081944,0.08637067657452505,1.0,0.0,1.0,540.122255,108.11341482694272,648.2356698269427,432.00884017305725,0.0,0.0,0.0
64,2020-04-01,504.0,513.9548,475.1,481.58,12570750,-0.08179530201342289,499.0530745936627,565.2277816833176,0.0,-1.0,-1.0,0.0696897712890612,0.08595038145998773,1.0,0.0,1.0,526.7262549999999,96.81256933523646,623.5388243352364,429.9136856647635,0.0,0.0,0.0
65,2020-04-02,481.03,494.2599,446.4,454.47,15413671,-0.0562938660243365,476.76153729683136,557.7334074574878,0.0,-1.0,-1.0,0.05137737549422144,0.08398035194615992,1.0,0.0,1.0,513.2687549999998,86.11880761819361,599.3875626181934,427.1499473818062,0.0,0.0,0.0
66,2020-04-03,509.5,515.49,468.3901,480.0,21274333,0.056175325103967166,478.3807686484157,552.4772785955013,0.0,-1.0,-1.0,0.07151910168994938,0.08280095749006615,1.0,0.0,1.0,502.0992549999999,73.76281303143897,575.8620680314389,428.33644196856096,0.0,0.0,0.0
67,2020-04-06,511.16,521.0,497.96,516.24,27631958,0.07550000000000012,497.31038432420786,550.0286015208668,0.0,-1.0,-1.0,0.06614642421866687,0.08255183930987857,1.0,0.0,1.0,497.58825499999983,69.69101440686877,567.2792694068686,427.8972405931311,0.0,0.0,0.0
68,2020-04-07,545.0,565.0,532.34,545.47,17334969,0.05662095149542856,521.390192162104,549.720747884884,0.0,-1.0,-1.0,0.047779462373773264,0.08099142057440291,1.0,0.0,1.0,492.6117549999998,61.7068793347393,554.318634334739,430.9048756652605,0.0,0.0,0.0
69,2020-04-08,554.2,557.2081,533.33,548.7,24384936,0.005921498890864685,535.045096081052,549.6518532130142,0.0,-1.0,-1.0,0.04273431615718382,0.07820821890171324,1.0,0.0,1.0,488.3515049999998,53.883966822828256,542.235471822828,434.46753817717155,0.0,-1.0,-1.0
70,2020-04-09,562.09,575.1818,557.11,573.01,12745268,0.044304720247858365,554.027548040526,551.2275642892331,1.0,0.0,1.0,0.031964053679571024,0.07620543116553441,1.0,0.0,1.0,489.2015049999998,55.12717094935532,544.3286759493551,434.0743340506445,0.0,-1.0,-1.0
71,2020-04-13,591.0,652.0,580.53,650.9899,21175579,0.1360882009039983,602.508724020263,557.9540978092786,1.0,0.0,1.0,0.06544291353383955,0.08062257566305193,1.0,0.0,1.0,494.4409999999998,64.936691731668,559.3776917316678,429.5043082683318,0.0,-1.0,-1.0
72,2020-04-14,698.97,741.88,692.43,709.755,57451900,0.09027037132219706,656.1318620101315,568.1846704795007,1.0,0.0,1.0,0.04635096766284491,0.08014273993445595,1.0,0.0,1.0,507.67974499999974,79.64630870347959,587.3260537034794,428.03343629652016,0.0,-1.0,-1.0
73,2020-04-15,742.0,753.13,710.0,729.5254,43359242,0.027855245824263353,692.8286310050657,579.0535284635447,1.0,0.0,1.0,0.049351065438368126,0.07741453679236096,1.0,0.0,1.0,522.6560149999998,91.54312584746323,614.199140847463,431.1128891525366,0.0,-1.0,-1.0
74,2020-04-16,716.94,759.45,706.715,745.6545,57474573,0.022109031433312554,719.2415655025329,590.2722725250454,1.0,0.0,1.0,0.041234780986853146,0.0747606578318963,1.0,0.0,1.0,541.8587399999998,96.14603073742286,638.0047707374226,445.71270926257694,0.0,-1.0,-1.0
75,2020-04-17,772.28,774.95,747.66,753.65,24322747,0.010722794538221114,736.4457827512665,601.2698754337044,1.0,0.0,1.0,0.034242858949663474,0.07224954172215323,1.0,0.0,1.0,558.1764899999997,103.12037761073162,661.2968676107314,455.0561123892681,0.0,-1.0,-1.0
76,2020-04-20,732.7,765.57,712.21,746.35,28421310,-0.009686193856564662,741.3978913756332,611.0324069184451,1.0,0.0,1.0,0.032365138306171194,0.0702020001480496,1.0,0.0,1.0,574.1174899999997,106.45010894395496,680.5675989439547,467.6673810560448,0.0,-1.0,-1.0
77,2020-04-21,730.12,753.33,673.79,686.72,58529442,-0.07989549139143837,714.0589456878166,616.1238243189296,1.0,0.0,1.0,0.058402916691471324,0.07230151752456096,1.0,0.0,1.0,586.7389899999996,103.93379503141655,690.6727850314162,482.80519496858307,0.0,0.0,0.0
78,2020-04-22,703.98,733.89,688.71,732.15,38252230,0.06615505591798687,723.1044728439083,623.9264166585305,1.0,0.0,1.0,0.07497072047042089,0.07118027135078686,0.0,-1.0,-1.0,598.1314899999996,106.86805314449997,704.9995431444996,491.26343685549966,0.0,-1.0,-1.0
79,2020-04-23,727.6,734.0,703.13,705.63,38120713,-0.03622208563818885,714.3672364219542,629.4193178609538,1.0,0.0,1.0,0.061617566953618606,0.07000329526485502,1.0,0.0,1.0,606.4542399999997,108.50407061558072,714.9583106155804,497.950169384419,0.0,0.0,0.0
80,2020-04-24,710.81,730.73,698.18,725.0,25102459,0.027450646939614298,719.6836182109771,635.8434841132415,1.0,0.0,1.0,0.049403261148586085,0.06772122945065052,1.0,0.0,1.0,616.3017399999997,109.9415971040193,726.2433371040189,506.36014289598035,0.0,0.0,0.0
81,2020-04-27,737.61,799.49,735.0,798.92,58450139,0.10195862068965522,759.3018091054885,646.8014942119344,1.0,0.0,1.0,0.0670839217326483,0.06921037433579408,1.0,0.0,1.0,630.5197399999997,114.38875484138049,744.9084948413802,516.1309851586193,0.0,-1.0,-1.0
82,2020-04-28,795.64,805.0,756.69,769.11,14526538,-0.03731287237770986,764.2059045527442,655.0181994170275,1.0,0.0,1.0,0.07388799480017177,0.06837407980869052,0.0,-1.0,-1.0,643.8702399999997,114.19325055851304,758.0634905585127,529.6769894414867,0.0,-1.0,-1.0
83,2020-04-29,790.17,803.1999,783.16,799.84,12096180,0.039955272977857614,782.022952276372,664.7452780494843,1.0,0.0,1.0,0.05559132037544533,0.06633424054253119,1.0,0.0,1.0,657.6382399999998,115.63173192612454,773.2699719261243,542.0065080738752,0.0,-1.0,-1.0
84,2020-04-30,855.19,869.82,763.5,781.06,53718332,-0.023479695939187972,781.541476138186,672.5561015745243,1.0,0.0,1.0,0.04905735910337538,0.06489176369164332,1.0,0.0,1.0,672.6122399999997,110.92796728319911,783.5402072831988,561.6842727168006,0.0,0.0,0.0
85,2020-05-01,755.0,772.77,683.04,701.31,31742479,-0.10210483189511688,741.425738069093,674.4866394462207,1.0,0.0,1.0,0.07176370660039452,0.06933347478252079,0.0,-1.0,-1.0,684.9542399999998,98.40472011113548,783.3589601111353,586.5495198888643,0.0,0.0,0.0
86,2020-05-04,701.0,762.0,698.0,761.21,36511504,0.08541158688739658,751.3178690345464,680.3082419691613,1.0,0.0,1.0,0.09764041115029254,0.06992032367472836,0.0,-1.0,-1.0,699.0147399999998,87.00908515692855,786.0238251569284,612.0056548430713,0.0,0.0,0.0
87,2020-05-05,789.79,798.92,762.18,768.06,16328797,0.008998830808843783,759.6889345172732,686.1979285067888,1.0,0.0,1.0,0.06922911571004028,0.06753597337482016,0.0,-1.0,-1.0,711.6057399999997,76.78781901189495,788.3935590118947,634.8179209881048,0.0,0.0,0.0
88,2020-05-06,776.5,789.8,761.11,782.45,21416699,0.0187355154545219,771.0694672586367,692.6571629572784,1.0,0.0,1.0,0.04907173742149706,0.06525531690725582,1.0,0.0,1.0,723.4547399999999,67.52810832810255,790.9828483281025,655.9266316718973,0.0,0.0,0.0
89,2020-05-07,777.21,796.4,772.35,780.215,11124597,-0.002856412550322762,775.6422336293183,698.5321239046374,1.0,0.0,1.0,0.03655878044771022,0.06314166924224682,1.0,0.0,1.0,735.0304899999999,54.60066081854642,789.6311508185463,680.4298291814534,0.0,0.0,0.0
90,2020-05-08,793.77,824.0,787.01,819.25,31166079,0.05003108117634247,797.4461168146591,706.6309977560586,1.0,0.0,1.0,0.037114328285349385,0.0617887712533096,1.0,0.0,1.0,747.3424899999998,42.583658145137605,789.9261481451374,704.7588318548621,0.0,-1.0,-1.0
91,2020-05-11,790.51,824.0,785.0,810.48,31241342,-0.010704913030210483,803.9630584073295,713.597299529811,1.0,0.0,1.0,0.03548067155350817,0.06000167142541223,1.0,0.0,1.0,755.3169949999998,38.309446305749105,793.6264413057489,717.0075486942507,0.0,-1.0,-1.0
92,2020-05-12,827.0,843.29,808.0,809.21,15080918,-0.0015669726581778454,806.5865292036648,720.0103699416408,1.0,0.0,1.0,0.025878033114358115,0.05805736034887128,1.0,0.0,1.0,760.2897449999998,38.53819403978096,798.8279390397807,721.7515509602189,0.0,-1.0,-1.0
93,2020-05-13,820.83,826.0,763.3,790.62,18430885,-0.02297302307188498,798.6032646018324,724.7458951216373,1.0,0.0,1.0,0.02449232108729661,0.05674418965752741,1.0,0.0,1.0,763.3444749999998,38.392370085416665,801.7368450854165,724.9521049145831,0.0,0.0,0.0
94,2020-05-14,780.0,803.36,764.0,803.04,13077331,0.015709190255748684,800.8216323009162,729.9962682275723,1.0,0.0,1.0,0.023273916355487964,0.05483609588303443,1.0,0.0,1.0,766.2137499999997,39.13784831494471,805.3515983149443,727.075901685055,0.0,0.0,0.0
95,2020-05-15,790.35,805.0486,786.552,799.034,20204818,-0.004988543534568568,799.927816150458,734.6254837189535,1.0,0.0,1.0,0.01717134188033819,0.05309003926579888,1.0,0.0,1.0,768.4829499999997,39.68294600358723,808.165896003587,728.8000039964124,0.0,0.0,0.0
96,2020-05-18,827.78,834.7201,803.88,813.51,10969747,0.018116876127924453,806.718908075229,739.9145027201927,1.0,0.0,1.0,0.016860845980030487,0.05133945774494218,1.0,0.0,1.0,771.8409499999997,40.54369465089081,812.3846446508904,731.2972553491089,0.0,-1.0,-1.0
97,2020-05-19,815.17,822.07,806.08,808.0,9331427,-0.006773118953669943,807.3594540376146,744.4791052531222,1.0,0.0,1.0,0.015177763900981654,0.04975049790280936,1.0,0.0,1.0,777.9049499999998,35.95208155232003,813.8570315523198,741.9528684476797,0.0,0.0,0.0
98,2020-05-20,820.5,826.0,811.8,815.46,13799592,0.009232673267326685,811.4097270188073,749.2374637862687,1.0,0.0,1.0,0.011884675733594733,0.04805487150710581,1.0,0.0,1.0,782.0704499999997,35.189957985159644,817.2604079851593,746.8804920148401,0.0,0.0,0.0
99,2020-05-21,816.0,832.5,796.0,827.75,23543511,0.015071248129889803,819.5798635094036,754.5003530036117,1.0,0.0,1.0,0.010400723095386326,0.04645073895416916,1.0,0.0,1.0,788.1764499999997,31.64452550055372,819.8209755005535,756.531924499446,0.0,-1.0,-1.0
100,2020-05-22,822.1735,831.78,812.0,816.4,19439642,-0.01371186952582304,817.9899317547017,758.6493676249227,1.0,0.0,1.0,0.016313771235910716,0.04522142482704837,1.0,0.0,1.0,792.7464499999996,28.482451503142745,821.2289015031424,764.2639984968569,0.0,0.0,0.0
101,2020-05-26,834.5,834.6,815.705,818.74,7532731,0.0028662420382166154,818.3649658773509,762.6768814907123,1.0,0.0,1.0,0.011887476888244236,0.043692195191684734,1.0,0.0,1.0,793.7374499999997,29.047747562779858,822.7851975627796,764.6897024372199,0.0,0.0,0.0
102,2020-05-27,820.86,827.71,785.0,819.955,11092116,0.0014839875906882405,819.1599829386755,766.5156707237671,1.0,0.0,1.0,0.008426328837605175,0.042223606041977,1.0,0.0,1.0,796.2796999999997,29.003855518841373,825.2835555188411,767.2758444811583,0.0,0.0,0.0
103,2020-05-28,813.51,824.75,801.69,805.975,7013890,-0.017049716142959137,812.5674914693377,769.160101093646,1.0,0.0,1.0,0.012558454336496834,0.04121761351572744,1.0,0.0,1.0,796.5864499999996,29.075844793762794,825.6622947937624,767.5106052062367,0.0,0.0,0.0
104,2020-05-29,808.75,835.0,804.21,834.1905,10523947,0.03500790967461764,823.3789957346689,773.5180016459244,1.0,0.0,1.0,0.02780720187171473,0.04054761299066148,1.0,0.0,1.0,799.2429749999997,29.995211621573148,829.2381866215728,769.2477633784265,0.0,-1.0,-1.0
105,2020-06-01,858.0,899.0,854.1,897.875,13962296,0.07634287372009152,860.6269978673345,781.8511868031243,1.0,0.0,1.0,0.0432197162841523,0.04297537483906081,0.0,-1.0,-1.0,809.0712249999996,28.377215180155545,837.4484401801551,780.694009819844,0.0,-1.0,-1.0
106,2020-06-02,894.7,908.66,871.0,881.4,13049927,-0.01834887929834339,871.0134989336673,788.5216829526074,1.0,0.0,1.0,0.049345351959967844,0.04219929747835878,0.0,-1.0,-1.0,815.0807249999996,30.364915276937396,845.445640276937,784.7158097230622,0.0,-1.0,-1.0
107,2020-06-03,888.12,897.94,880.1,882.51,15342518,0.0012593601089176953,876.7617494668336,794.819331650517,1.0,0.0,1.0,0.03566100147129165,0.04081467425178672,1.0,0.0,1.0,820.8032249999994,31.788240078299165,852.5914650782986,789.0149849217003,0.0,-1.0,-1.0
108,2020-06-04,889.88,895.75,858.44,864.27,8667226,-0.020668321038855075,870.5158747334168,799.4726703629092,1.0,0.0,1.0,0.03047291512402061,0.040137036421503056,1.0,0.0,1.0,824.8942249999994,31.857426614309446,856.7516516143089,793.03679838569,0.0,-1.0,-1.0
109,2020-06-05,877.84,886.52,866.2,885.335,7366347,0.0243731704212804,877.9254373667084,805.2254226794778,1.0,0.0,1.0,0.028746066124124597,0.03902161449029336,1.0,0.0,1.0,830.1502249999994,32.75696823838133,862.9071932383807,797.3932567616181,0.0,-1.0,-1.0
110,2020-06-08,919.0,950.0,909.16,948.45,26318875,0.07128939892808939,913.1877186833542,814.8211157910432,1.0,0.0,1.0,0.04331003927873174,0.04097621722029531,0.0,-1.0,-1.0,836.6102249999994,41.94529661559596,878.5555216155954,794.6649283844035,0.0,-1.0,-1.0
111,2020-06-09,940.01,954.4399,923.931,941.5524,21496458,-0.00727249723232648,927.3700593416771,823.3115398276237,1.0,0.0,1.0,0.0421679812191193,0.0398935810418839,0.0,-1.0,-1.0,843.1638449999995,47.51721183359064,890.6810568335901,795.6466331664088,0.0,-1.0,-1.0
112,2020-06-10,991.88,1027.48,982.5,1024.974,17023324,0.08860006092066675,976.1720296708386,836.8216297092273,1.0,0.0,1.0,0.05333041363197447,0.043294360945833735,0.0,-1.0,-1.0,853.9520449999994,61.76107898667512,915.7131239866745,792.1909660133243,0.0,-1.0,-1.0
113,2020-06-11,990.2,1018.9599,972.11,972.41,29440376,-0.05128325206297912,974.2910148354192,845.9049385101631,1.0,0.0,1.0,0.07389860480674827,0.04521069208693228,0.0,-1.0,-1.0,863.0415449999995,65.22961292649549,928.271157926495,797.811932073504,0.0,-1.0,-1.0
114,2020-06-12,980.0,987.98,936.25,936.25,5885153,-0.03718596065445645,955.2705074177096,851.9571666421082,1.0,0.0,1.0,0.05715001848981076,0.04540799750141424,0.0,-1.0,-1.0,869.7020449999994,65.5804820628693,935.2825270628687,804.1215629371302,0.0,-1.0,-1.0
115,2020-06-15,917.79,998.84,908.5,990.75,14933856,0.05821094793057413,973.0102537088549,861.254702647472,1.0,0.0,1.0,0.06186819276606702,0.04565269929464973,0.0,-1.0,-1.0,879.2878449999995,68.64710540036519,947.9349504003646,810.6407395996343,0.0,-1.0,-1.0
116,2020-06-16,1011.85,1012.88,962.39,981.51,26814330,-0.009326267978803982,977.2601268544274,869.310261441393,1.0,0.0,1.0,0.047280928743405726,0.044422597754669634,0.0,-1.0,-1.0,887.6878449999995,70.4300775301396,958.117922530139,817.2577674698599,0.0,-1.0,-1.0
117,2020-06-17,987.71,1005.0,982.571,990.56,9026154,0.009220486800949557,983.9100634272137,877.4322714780564,1.0,0.0,1.0,0.03351799948145103,0.04290987994494045,1.0,0.0,1.0,896.8158449999995,71.38245418748077,968.1982991874803,825.4333908125187,0.0,-1.0,-1.0
118,2020-06-18,1003.0,1019.2,994.4708,1004.02,18626163,0.013588273299951492,993.9650317136068,885.9116917196168,1.0,0.0,1.0,0.024014655703496843,0.04145630531357355,1.0,0.0,1.0,906.2438449999996,72.51491832150928,978.7587633215089,833.7289266784903,0.0,-1.0,-1.0
119,2020-06-19,1012.78,1015.9699,991.34,1000.57,7941809,-0.003436186530148766,997.2675158568034,893.5918906691762,1.0,0.0,1.0,0.018985223058697587,0.04020050664335283,1.0,0.0,1.0,914.8848449999996,72.96453947620833,987.8493844762079,841.9203055237913,0.0,-1.0,-1.0
120,2020-06-22,999.95,1008.88,990.02,994.54,6108565,-0.006026564858030992,995.9037579284017,900.3536238247765,1.0,0.0,1.0,0.014636442484313342,0.0390329960256161,1.0,0.0,1.0,923.7918449999995,71.1601760455827,994.9520210455822,852.6316689544168,0.0,0.0,0.0
121,2020-06-23,998.88,1012.0,994.0101,1001.66,6015204,0.007159088623886367,998.7818789642008,907.1392509706768,1.0,0.0,1.0,0.011563990301943838,0.037704658905193006,1.0,0.0,1.0,932.9378449999995,68.65865819097903,1001.5965031909785,864.2791868090204,0.0,-1.0,-1.0
122,2020-06-24,994.11,1000.8846,953.1414,960.85,10724665,-0.04074236766966832,979.8159394821005,910.7368125656507,1.0,0.0,1.0,0.027975822916256842,0.038509324689334545,1.0,0.0,1.0,939.9825949999993,63.48958083949812,1003.4721758394974,876.4930141605012,0.0,0.0,0.0
123,2020-06-25,954.27,985.98,937.15,985.98,8834648,0.02615392621116719,982.8979697410502,915.7765562088666,1.0,0.0,1.0,0.03394763599182106,0.037579601959850974,1.0,0.0,1.0,948.9828449999993,55.784003732502036,1004.7668487325013,893.1988412674973,0.0,0.0,0.0
124,2020-06-26,994.78,995.0,954.87,960.76,7736337,-0.025578612142234114,971.8289848705251,918.789483002003,1.0,0.0,1.0,0.029935066504479385,0.03720814216620123,1.0,0.0,1.0,955.3113199999992,48.820656418165484,1004.1319764181648,906.4906635818337,0.0,0.0,0.0
125,2020-06-29,969.01,1010.0,948.5201,1009.89,8732336,0.051136600191515,990.8594924352626,924.8911949142838,1.0,0.0,1.0,0.043528839862242236,0.03785696814977953,0.0,-1.0,-1.0,960.9120699999992,48.30724409719885,1009.219314097198,912.6048259028004,0.0,-1.0,-1.0
126,2020-06-30,1006.5,1087.69,1003.73,1079.0,16212153,0.0684331956945805,1034.9297462176314,935.2129517861564,1.0,0.0,1.0,0.04270968649676551,0.03971535372975173,0.0,-1.0,-1.0,970.7920699999992,51.30328231474426,1022.0953523147434,919.4887876852549,0.0,-1.0,-1.0
127,2020-07-01,1083.0,1135.33,1080.5,1119.54,12887738,0.03757182576459672,1077.2348731088157,947.558513902894,1.0,0.0,1.0,0.030476510093060495,0.0389270223318244,1.0,0.0,1.0,982.6435699999993,56.907852801867215,1039.5514228018665,925.7357171981321,0.0,-1.0,-1.0
128,2020-07-02,1221.48,1228.0,1185.6,1208.8,15501212,0.07972917448237671,1143.0174365544078,965.0553638562961,1.0,0.0,1.0,0.03208394339721613,0.04122014680644558,1.0,0.0,1.0,999.8700699999993,69.86112284219037,1069.7311928421896,930.0089471578088,0.0,-1.0,-1.0
129,2020-07-06,1276.69,1377.79,1266.0439999999999,1371.0,18885360,0.13418266048974203,1257.008718277204,992.2435806146351,1.0,0.0,1.0,0.05060114602484374,0.04962106156050087,0.0,-1.0,-1.0,1024.1533199999992,104.01330159908719,1128.1666215990863,920.140018400912,0.0,-1.0,-1.0
130,2020-07-07,1405.01,1429.5,1336.71,1389.69,20456393,0.013632385120350143,1323.349359138602,1018.8624101136055,1.0,0.0,1.0,0.06246872592705261,0.04802695297134304,0.0,-1.0,-1.0,1046.215319999999,130.52686881447474,1176.7421888144738,915.6884511855244,0.0,-1.0,-1.0
131,2020-07-08,1405.0,1417.26,1311.34,1365.8054,15747236,-0.01718699853924266,1344.577379569301,1042.098613527251,1.0,0.0,1.0,0.0626841415195649,0.04760400529981576,0.0,-1.0,-1.0,1067.4279699999993,146.15996431068996,1213.5879343106892,921.2680056893093,0.0,-1.0,-1.0
132,2020-07-09,1396.99,1408.56,1351.28,1393.81,11159292,0.020504092310661415,1369.1936897846504,1065.6540084840287,1.0,0.0,1.0,0.04433239526297469,0.04598377155838399,1.0,0.0,1.0,1085.8697699999993,162.8387737306769,1248.7085437306762,923.0309962693225,0.0,-1.0,-1.0
133,2020-07-10,1396.0,1548.915,1376.0101,1546.01,22730537,0.10919709286057655,1457.601844892325,1097.8249884348397,1.0,0.0,1.0,0.06307580061919323,0.04966351840917534,0.0,-1.0,-1.0,1114.5497699999992,190.04402844827158,1304.5937984482707,924.5057415517276,0.0,-1.0,-1.0
134,2020-07-13,1659.0,1794.99,1471.1101,1494.1,37309610,-0.033576755648411116,1475.8509224461625,1124.3646313036813,1.0,0.0,1.0,0.07481242483714795,0.050443247908126494,0.0,-1.0,-1.0,1142.442269999999,202.99412231756622,1345.4363923175654,939.4481476824328,0.0,-1.0,-1.0
135,2020-07-14,1556.0,1590.0,1431.0,1516.385,21744713,0.014915333645673101,1496.1179612230812,1150.6191770977653,1.0,0.0,1.0,0.05290144325642722,0.048775091697704005,0.0,-1.0,-1.0,1168.7240199999992,215.93537935602183,1384.659399356021,952.7886406439774,0.0,-1.0,-1.0
136,2020-07-15,1543.0,1550.0,1457.0,1546.875,15414147,0.020107030866171938,1521.4964806115406,1177.1572382956128,1.0,0.0,1.0,0.037527955355771886,0.0471193786614783,1.0,0.0,1.0,1196.9922699999993,226.8666276778057,1423.858897677805,970.1256423221936,0.0,-1.0,-1.0
137,2020-07-16,1477.16,1531.71,1466.0,1498.7701,13387034,-0.031098117171717177,1510.1332903057703,1198.696199645008,1.0,0.0,1.0,0.039940747851569786,0.0475379545013757,1.0,0.0,1.0,1222.402774999999,230.9525548928494,1453.3553298928484,991.4502201071497,0.0,-1.0,-1.0
138,2020-07-17,1513.45,1537.51,1490.0,1500.45,8970942,0.0011208523575430007,1505.2916451528852,1218.905070927891,1.0,0.0,1.0,0.028648112983198203,0.046149005777373305,1.0,0.0,1.0,1247.2242749999991,232.91512518824464,1480.1394001882438,1014.3091498117544,0.0,-1.0,-1.0
139,2020-07-20,1519.01,1650.0,1488.0,1642.47,16357003,0.0946516045186443,1573.8808225764426,1247.2716784780987,1.0,0.0,1.0,0.0630222682439313,0.048654569149840975,0.0,-1.0,-1.0,1279.3192749999994,241.21607768518268,1520.535352685182,1038.1031973148167,0.0,-1.0,-1.0
140,2020-07-21,1639.93,1675.0,1558.0,1567.58,15315602,-0.045595962178913485,1570.7304112882211,1268.7229901616038,1.0,0.0,1.0,0.0716025371392228,0.05014588881450549,0.0,-1.0,-1.0,1307.9712749999992,239.6373350415667,1547.608610041566,1068.3339399584324,0.0,-1.0,-1.0
141,2020-07-22,1599.0,1626.42,1562.0,1590.58,11174728,0.014672297426606695,1580.6552056441105,1290.2779365679999,1.0,0.0,1.0,0.05140419242341853,0.04844764074493347,0.0,-1.0,-1.0,1337.4172749999993,236.17508564451182,1573.5923606445112,1101.2421893554874,0.0,-1.0,-1.0
142,2020-07-23,1678.95,1689.0,1502.64,1513.68,17448163,-0.048347143809176485,1547.1676028220554,1305.2392461617105,1.0,0.0,1.0,0.04987351427373066,0.04977304818027009,0.0,-1.0,-1.0,1365.0587749999993,221.6896046850852,1586.7483796850845,1143.369170314914,0.0,0.0,0.0
143,2020-07-24,1416.01,1465.0,1366.54,1415.56,18634529,-0.06482215527720525,1481.3638014110277,1312.6274387658927,1.0,0.0,1.0,0.044514469112367505,0.05207474865924762,1.0,0.0,1.0,1386.5377749999993,203.05587031706034,1589.5936453170598,1183.4819046829389,0.0,0.0,0.0
144,2020-07-27,1435.0,1547.94,1413.0002,1539.91,15007344,0.08784509310802813,1510.6369007055139,1327.8485288850763,1.0,0.0,1.0,0.08588349134831892,0.054195105657155025,0.0,-1.0,-1.0,1415.4952749999995,179.01302988839691,1594.5083048883964,1236.4822451116027,0.0,0.0,0.0
145,2020-07-28,1504.0,1564.7,1474.42,1475.35,15010091,-0.041924528056834554,1492.993450352757,1337.726658923938,1.0,0.0,1.0,0.07245213324106627,0.054239039004703636,0.0,-1.0,-1.0,1438.7682749999994,151.67519502709825,1590.4434700270976,1287.0930799729013,0.0,0.0,0.0
146,2020-07-29,1501.0,1534.81,1487.0,1499.99,9158146,0.01670112176771621,1496.4917251763786,1348.593357737717,1.0,0.0,1.0,0.05371482429203567,0.05241805361596981,0.0,-1.0,-1.0,1459.8177749999995,126.1901634864823,1586.0079384864819,1333.6276115135172,0.0,0.0,0.0
147,2020-07-30,1488.0,1513.24,1471.0,1487.42,7337598,-0.008380055867039049,1491.9558625881893,1357.8904885805057,1.0,0.0,1.0,0.03867482846168207,0.05086141987083964,1.0,0.0,1.0,1478.2117749999993,97.53847386656625,1575.7502488665655,1380.6733011334331,0.0,0.0,0.0
148,2020-07-31,1515.0,1517.05,1420.98,1432.0,11885250,-0.03725914671041142,1461.9779312940946,1362.8535431901828,1.0,0.0,1.0,0.03468093148734612,0.05053665295488932,1.0,0.0,1.0,1489.3717749999994,75.33197945381067,1564.70375445381,1414.0397955461888,0.0,0.0,0.0
149,2020-08-03,1449.2,1509.81,1444.3844,1484.98,6757657,0.0369972067039106,1473.4789656470473,1371.0322362508498,1.0,0.0,1.0,0.04257943455219323,0.04944067428806347,1.0,0.0,1.0,1495.0707749999995,70.03047231146022,1565.1012473114597,1425.0403026885392,0.0,0.0,0.0
150,2020-08-04,1495.01,1527.41,1462.0,1486.25,8233969,0.0008552303734730149,1479.8644828235238,1378.748244915864,1.0,0.0,1.0,0.03047719679327728,0.04779348553299204,1.0,0.0,1.0,1499.8987749999994,65.56940101632682,1565.4681760163262,1434.3293739836727,0.0,0.0,0.0
151,2020-08-05,1492.99,1499.8384,1468.31,1485.18,4824461,-0.0007199327165684499,1482.522241411762,1385.8758505191097,1.0,0.0,1.0,0.021806186021037705,0.04621568519983932,1.0,0.0,1.0,1505.8675049999995,57.679091808634894,1563.5465968086344,1448.1884131913646,0.0,0.0,0.0
152,2020-08-06,1490.83,1517.31,1477.26,1489.69,5817775,0.0030366689559515603,1486.106120705881,1392.8281458793258,1.0,0.0,1.0,0.015432417457256231,0.044653827730516356,1.0,0.0,1.0,1510.6615049999994,51.53223494326514,1562.1937399432645,1459.1292700567342,0.0,0.0,0.0
153,2020-08-07,1499.5365,1499.75,1415.01,1453.1,8707648,-0.024562157227342674,1469.6030603529405,1396.8644649963032,1.0,0.0,1.0,0.019851093064980542,0.043869403085412026,1.0,0.0,1.0,1506.0160049999993,52.359109638609006,1558.3751146386082,1453.6568953613903,1.0,0.0,1.0
154,2020-08-10,1427.54,1439.99,1385.84,1419.0,6238730,-0.0234670704012111,1444.3015301764704,1398.3468475448424,1.0,0.0,1.0,0.01597212603068153,0.042980850576901465,1.0,0.0,1.0,1502.2610049999994,55.83615331900712,1558.0971583190064,1446.4248516809923,1.0,0.0,1.0
155,2020-08-11,1396.0,1420.0,1365.0,1374.0,7081523,-0.031712473572938715,1409.1507650882352,1396.716379171253,1.0,0.0,1.0,0.014354355209141089,0.0424406244018914,1.0,0.0,1.0,1495.1417549999994,62.607199892584156,1557.7489548925835,1432.5345551074154,1.0,0.0,1.0
156,2020-08-12,1470.0,1585.0,1435.0,1554.4229999999998,21016580,0.13131222707423573,1481.7868825441174,1407.2777181859096,1.0,0.0,1.0,0.0959404421980958,0.05278910063507998,0.0,-1.0,-1.0,1495.5191549999995,62.95723562978026,1558.4763906297799,1432.5619193702191,0.0,0.0,0.0
157,2020-08-13,1611.0,1651.18,1567.26,1620.71,19063440,0.04264411939349855,1551.2484412720587,1421.5708901355583,1.0,0.0,1.0,0.06816012965284203,0.05168998094680332,0.0,-1.0,-1.0,1501.6161499999994,68.91160199947628,1570.5277519994756,1432.7045480005231,0.0,-1.0,-1.0
158,2020-08-14,1664.99,1668.8,1626.64,1651.5,11738513,0.018997846622776482,1601.3742206360293,1436.9688065987746,1.0,0.0,1.0,0.05137106624408357,0.04996492868530325,0.0,-1.0,-1.0,1509.1686499999992,76.62292235443785,1585.791572354437,1432.5457276455613,0.0,-1.0,-1.0
159,2020-08-17,1677.0,1845.86,1672.83,1835.86,19482112,0.11163184983348473,1718.6171103180145,1463.6817641305518,1.0,0.0,1.0,0.060065660492911434,0.054506132654612204,0.0,-1.0,-1.0,1518.8381499999991,102.24798956215528,1621.0861395621544,1416.590160437844,0.0,-1.0,-1.0
160,2020-08-18,1898.99,1923.9,1845.11,1888.11,15300121,0.02846077587615614,1803.3635551590073,1492.1048580523084,1.0,0.0,1.0,0.050335375063705036,0.05270751500354422,1.0,0.0,1.0,1534.864649999999,131.286615591623,1666.1512655916222,1403.578034408376,0.0,-1.0,-1.0
161,2020-08-19,1865.0,1911.0,1841.21,1879.0,11776286,-0.00482493075085666,1841.1817775795037,1518.014412468282,1.0,0.0,1.0,0.04914614813655808,0.05128338263611867,1.0,0.0,1.0,1549.2856499999991,151.94406299524366,1701.2297129952428,1397.3415870047554,0.0,-1.0,-1.0
162,2020-08-20,1860.68,2021.99,1857.06,2001.3,20432043,0.06508781266631192,1921.2408887897518,1550.3790036250114,1.0,0.0,1.0,0.04332218397295784,0.050978445958677246,1.0,0.0,1.0,1573.6666499999992,182.06614101597776,1755.732791015977,1391.6005089840214,0.0,-1.0,-1.0
163,2020-08-21,2044.76,2095.49,2025.05,2050.0,20572968,0.02433418278119226,1985.620444394876,1583.8375140318476,1.0,0.0,1.0,0.03290816155066382,0.04924950107317371,1.0,0.0,1.0,1605.3886499999992,206.67589122413858,1812.0645412241379,1398.7127587758605,0.0,-1.0,-1.0
164,2020-08-24,2126.275,2129.0,1927.52,2015.695,19295383,-0.01673414634146342,2000.657722197438,1612.7580299901729,1.0,0.0,1.0,0.03889013708770282,0.04853905800014297,1.0,0.0,1.0,1629.1778999999992,225.2868154604372,1854.4647154604363,1403.8910845395621,0.0,-1.0,-1.0
165,2020-08-25,1974.89,2027.95,1968.0,2024.09,10051608,0.00416481660171808,2012.3738610987189,1640.3039788133485,1.0,0.0,1.0,0.027639866935448825,0.04702972906211528,1.0,0.0,1.0,1656.6148999999994,238.58856898035688,1895.2034689803563,1418.0263310196424,0.0,-1.0,-1.0
166,2020-08-26,2060.0,2166.0,2053.6292,2151.93,13768358,0.06315924687143348,2082.1519305493593,1674.566364726845,1.0,0.0,1.0,0.03985639343973526,0.046879516802643406,1.0,0.0,1.0,1689.2118999999996,259.66780402759895,1948.8797040275986,1429.5440959724006,0.0,-1.0,-1.0
167,2020-08-27,2180.46,2295.6,2142.5,2239.76,23059123,0.04081452463602453,2160.95596527468,1712.4160233931245,1.0,0.0,1.0,0.028422545076027376,0.045570738859742076,1.0,0.0,1.0,1726.8288999999997,282.39599541012154,2009.2248954101212,1444.4329045898783,0.0,-1.0,-1.0
168,2020-08-28,2295.12,2318.49,2186.52,2213.52,19360294,-0.011715540950816283,2187.23798263734,1745.9737320362963,1.0,0.0,1.0,0.03638092383924031,0.04484883587512067,1.0,0.0,1.0,1765.9048999999995,293.3121148173405,2059.21701481734,1472.592785182659,0.0,-1.0,-1.0
169,2020-08-31,444.61,500.14,440.11,498.51,111197923,-0.7747885720481406,1342.87399131867,1662.4341803792972,0.0,-1.0,-1.0,0.4831331412604374,0.20673963238510135,0.0,-1.0,-1.0,1716.5813999999996,404.7951279958786,2121.376527995878,1311.786272004121,1.0,0.0,1.0
170,2020-09-01,502.14,502.49,470.51,475.04,81257715,-0.04708029929188973,908.956995659335,1582.9173782141795,0.0,-1.0,-1.0,0.39810809905512284,0.19972749465574285,0.0,-1.0,-1.0,1666.0208999999995,489.3910301921313,2155.411930192131,1176.629869807868,1.0,0.0,1.0
171,2020-09-02,478.99,479.04,405.1206,447.245,92367647,-0.058510862243179584,678.1009978296674,1506.8642913235035,0.0,-1.0,-1.0,0.2971675504186026,0.19302199944119527,0.0,-1.0,-1.0,1614.1241499999996,559.5775586295596,2173.701708629559,1054.5465913704402,1.0,0.0,1.0
172,2020-09-03,407.23,431.8,402.0,407.0,80478522,-0.08998423682768952,542.5504989148337,1433.209213578005,0.0,-1.0,-1.0,0.2120300526260814,0.18695291866836442,0.0,-1.0,-1.0,1559.9896499999998,621.2240807824733,2181.2137307824732,938.7655692175265,1.0,0.0,1.0
173,2020-09-04,402.81,428.0,372.0201,417.9307,101060529,0.026856756756756806,480.24059945741686,1365.2186556453337,0.0,-1.0,-1.0,0.17269997948673602,0.18137369430268582,1.0,0.0,1.0,1508.2311849999999,671.6735691481235,2179.904754148123,836.5576158518763,1.0,0.0,1.0
174,2020-09-08,356.0,368.74,329.88,330.02,103446741,-0.21034755283591278,405.13029972870845,1295.8941245199017,0.0,-1.0,-1.0,0.1593689637321286,0.18077800505183714,1.0,0.0,1.0,1453.7821849999998,721.5731281616213,2175.355313161621,732.2090568383785,1.0,0.0,1.0
175,2020-09-09,356.6,369.0,341.51,366.21,73161075,0.10966002060481173,385.67014986435424,1233.635646505587,0.0,-1.0,-1.0,0.18345503541913205,0.1791027420091617,0.0,-1.0,-1.0,1403.3926849999998,761.5204262647784,2164.9131112647783,641.8722587352214,1.0,0.0,1.0
176,2020-09-10,387.72,398.99,360.56,370.5,67341190,0.011714589989350488,378.0850749321771,1175.8337628978993,0.0,-1.0,-1.0,0.13031386398802,0.1734339193596534,1.0,0.0,1.0,1344.1965349999998,794.4653048610867,2138.6618398610863,549.7312301389131,1.0,0.0,1.0
177,2020-09-11,381.94,382.5,360.5,372.4101,58016059,0.005155465587044494,375.2475874660886,1122.0306479032545,0.0,-1.0,-1.0,0.0921717130763436,0.1678094050324729,1.0,0.0,1.0,1281.78154,820.2157559171171,2101.9972959171173,461.56578408288283,1.0,0.0,1.0
178,2020-09-14,380.95,420.0,373.3,419.765,79130201,0.12715793690880028,397.5062937330443,1075.0018260397787,0.0,-1.0,-1.0,0.09996977667336139,0.1669876060176396,1.0,0.0,1.0,1220.19479,837.0639810450454,2057.2587710450453,383.13080895495466,0.0,0.0,0.0
179,2020-09-15,436.56,461.94,430.7,449.38,93230923,0.07055137993877536,423.44314686652217,1033.105644099364,0.0,-1.0,-1.0,0.07076339920812041,0.16293716186860568,1.0,0.0,1.0,1150.87079,840.7966619774186,1991.6674519774185,310.07412802258136,0.0,0.0,0.0
180,2020-09-16,439.87,457.79,435.31,441.76,68279651,-0.016956695892118012,432.6015734332611,993.5048543976385,0.0,-1.0,-1.0,0.0721421563411714,0.1573887459626605,1.0,0.0,1.0,1078.5532899999998,836.2372350583619,1914.7905250583617,242.31605494163796,0.0,0.0,0.0
181,2020-09-17,415.6,437.79,408.0001,423.43,72114062,-0.04149311843534953,428.01578671663054,955.3285200192516,0.0,-1.0,-1.0,0.06545268122339945,0.15218641979055703,1.0,0.0,1.0,1005.7747899999998,826.1865133175573,1831.9613033175572,179.58827668244248,0.0,0.0,0.0
182,2020-09-18,447.94,451.0,428.8,440.9701,79958470,0.04142384809767852,434.4929433583153,920.88336862451,0.0,-1.0,-1.0,0.055302518235114666,0.14772633199796686,1.0,0.0,1.0,927.7582949999999,800.5031761410864,1728.2614711410863,127.25511885891342,0.0,0.0,0.0
183,2020-09-21,453.13,455.68,407.07,449.41,100472833,0.019139392897613794,441.95147167915763,889.3101162793926,0.0,-1.0,-1.0,0.03913313080948112,0.14291603932090763,1.0,0.0,1.0,847.7287949999998,761.4597336940369,1609.1885286940367,86.26906130596285,0.0,0.0,0.0
184,2020-09-22,429.6,437.76,417.6001,423.974,66208306,-0.056598651565385794,432.96273583957884,858.1478645852765,0.0,-1.0,-1.0,0.053369293717373416,0.138554762065695,1.0,0.0,1.0,768.1427449999998,714.7079594190468,1482.8507044190465,53.43478558095296,0.0,0.0,0.0
185,2020-09-23,405.16,412.15,375.8801,380.3885,88358954,-0.10280229448032185,406.67561791978943,826.1536686519607,0.0,-1.0,-1.0,0.0635336514200191,0.13576388359194724,1.0,0.0,1.0,685.9576699999998,654.6676132929954,1340.6252832929952,31.290056707004396,0.0,0.0,0.0
186,2020-09-24,363.8,399.5,351.3,387.63,93527446,0.019037116001140886,397.15280895989474,796.786981462545,0.0,-1.0,-1.0,0.06651834403821334,0.13149903405732205,1.0,0.0,1.0,597.7426699999997,558.5456111923365,1156.2882811923364,39.19705880766321,0.0,0.0,0.0
187,2020-09-25,393.47,408.7323,391.3,407.18,64600754,0.05043469287722835,402.16640447994735,770.6961102733537,0.0,-1.0,-1.0,0.06424031206518048,0.12815990707535552,1.0,0.0,1.0,506.11366999999973,403.90635588875864,910.0200258887584,102.20731411124109,0.0,0.0,0.0
188,2020-09-28,424.62,428.08,415.55,421.0602,46468845,0.034088609460189545,411.6133022399737,747.2819914468315,0.0,-1.0,-1.0,0.046949390621222574,0.12435131008310839,1.0,0.0,1.0,416.4906799999997,40.40495834838906,456.8956383483888,376.08572165161064,0.0,0.0,0.0
189,2020-09-29,416.0,428.5,411.6,418.99,47939292,-0.004916636623456649,415.30165111998684,725.2972169445836,0.0,-1.0,-1.0,0.037741188994279314,0.1201199930222716,1.0,0.0,1.0,412.51467999999966,35.527275474934726,448.0419554749344,376.9874045250649,0.0,0.0,0.0
190,2020-09-30,421.32,433.93,420.47,428.97,45355318,0.02381918422874052,422.13582555999346,705.453034384493,0.0,-1.0,-1.0,0.028044975341325752,0.11632379487088869,1.0,0.0,1.0,410.2111799999996,32.63578792882222,442.8469679288218,377.5753920711774,0.0,0.0,0.0
191,2020-10-01,440.76,448.88,434.42,447.81,46917693,0.04391915518567724,434.9729127799967,688.1994224717375,0.0,-1.0,-1.0,0.025873874611273866,0.11309324371989027,1.0,0.0,1.0,410.2394299999995,32.66975899361438,442.9091889936139,377.56967100638514,0.0,-1.0,-1.0
192,2020-10-02,421.39,439.13,415.0,415.2699,64001779,-0.07266496951832246,425.12140638999836,669.9221205144349,0.0,-1.0,-1.0,0.06568282421905935,0.11066153558197485,1.0,0.0,1.0,410.6529249999995,32.67893419371955,443.3318591937191,377.97399080627997,0.0,0.0,0.0
193,2020-10-05,423.35,433.64,419.33,425.5,42071439,0.024634821835148646,425.3107031949992,653.5538786410604,0.0,-1.0,-1.0,0.05425378699769408,0.107210864804422,1.0,0.0,1.0,411.0313899999995,32.811219978194636,443.8426099781941,378.22017002180485,0.0,0.0,0.0
194,2020-10-06,423.79,428.7799,406.05,413.7001,46076914,-0.027731844888366552,419.5054015974996,637.4915669536496,0.0,-1.0,-1.0,0.042396066709160844,0.10371088309972033,1.0,0.0,1.0,415.21539499999943,26.704135023017596,441.91953002301705,388.5112599769818,0.0,0.0,0.0
195,2020-10-07,419.87,429.9,413.845,425.19,40832057,0.027773500659052264,422.34770079874977,623.2743482320403,0.0,-1.0,-1.0,0.03901332611631355,0.10057123795930499,1.0,0.0,1.0,418.1643949999995,24.141183096878795,442.3055780968783,394.0232119031207,0.0,0.0,0.0
196,2020-10-08,438.44,439.0,425.3,425.92,38297823,0.0017168795126885072,424.13385039937486,610.0581024064004,0.0,-1.0,-1.0,0.02780435682887903,0.09715958544751953,1.0,0.0,1.0,420.9353949999995,21.408094562600265,442.34348956259976,399.5273004373993,0.0,0.0,0.0
197,2020-10-09,430.13,434.5899,426.4601,433.96,27687361,0.018876784372652056,429.0469251996874,598.2653263734,0.0,-1.0,-1.0,0.021528675370216036,0.09403613850325154,1.0,0.0,1.0,424.0128899999995,18.25742864568301,442.27031864568255,405.7554613543165,0.0,0.0,0.0
198,2020-10-12,442.0,448.74,438.58,442.0,36564876,0.01852705318462533,435.5234625998437,587.8006942435096,0.0,-1.0,-1.0,0.01578432400365969,0.09099503131977622,1.0,0.0,1.0,425.12463999999954,18.657737367393374,443.78237736739294,406.46690263260615,0.0,0.0,0.0
199,2020-10-13,443.5,448.89,436.6,446.65,32501386,0.010520361990950189,441.08673129992184,578.3482454929614,0.0,-1.0,-1.0,0.011511266365131405,0.08794756801285265,1.0,0.0,1.0,424.9881399999996,18.480086151459464,443.4682261514591,406.5080538485401,0.0,-1.0,-1.0
200,2020-10-14,449.78,465.9,447.35,461.47,45481608,0.033180342550095165,451.27836564996096,570.5212520733372,0.0,-1.0,-1.0,0.01488955747464356,0.08538501698481356,1.0,0.0,1.0,425.97363999999953,19.893088875737597,445.8667288757371,406.08055112426194,0.0,-1.0,-1.0
201,2020-10-15,450.3,456.57,442.5,448.88,33286568,-0.027282380219732616,450.0791828249805,562.3752945533179,0.0,-1.0,-1.0,0.032542078225034035,0.08280484107301557,1.0,0.0,1.0,427.24613999999946,20.525735853649277,447.77187585364874,406.7204041463502,0.0,-1.0,-1.0
202,2020-10-16,454.48,455.9499,438.85,439.91,30604148,-0.019983068971662687,444.99459141249025,554.1741537837161,0.0,-1.0,-1.0,0.025472954346495155,0.08014136194830919,1.0,0.0,1.0,427.1931349999994,20.48976753067297,447.6829025306724,406.70336746932645,0.0,0.0,0.0
203,2020-10-19,446.24,447.0,428.87,430.83,30760868,-0.020640585574322134,437.9122957062451,545.9141588234854,0.0,-1.0,-1.0,0.018943115568300948,0.07756309903008753,1.0,0.0,1.0,426.26413499999944,19.84035994521666,446.1044949452161,406.42377505478277,0.0,0.0,0.0
204,2020-10-20,431.75,431.75,419.0501,421.97,29334383,-0.02056495601513353,429.9411478531226,537.6139836933702,0.0,-1.0,-1.0,0.01370229109632668,0.07505627134354892,1.0,0.0,1.0,426.1639349999994,19.857587504713074,446.0215225047125,406.30634749528633,0.0,0.0,0.0
205,2020-10-21,422.7,432.95,421.25,422.5,22771969,0.0012560134606725004,426.2205739265613,529.9051397228138,0.0,-1.0,-1.0,0.015360539403789642,0.07251212930045922,1.0,0.0,1.0,428.26950999999934,16.735585938308805,445.00509593830816,411.5339240616905,0.0,0.0,0.0
206,2020-10-22,442.07,445.23,424.51,425.9,36750565,0.00804733727810647,426.06028696328065,522.9402225619883,0.0,-1.0,-1.0,0.01484441104511504,0.07010574287041507,1.0,0.0,1.0,430.1830099999994,13.769401731589005,443.9524117315884,416.41360826841037,0.0,0.0,0.0
207,2020-10-23,421.84,422.8859,407.3801,420.615,31969114,-0.012409016200986112,423.3376434816403,516.0878047633241,0.0,-1.0,-1.0,0.012881940377945718,0.06776082909239911,1.0,0.0,1.0,430.8547599999994,12.88760204293019,443.7423620429296,417.96715795706916,0.0,0.0,0.0
208,2020-10-26,411.63,425.76,410.0,420.28,26973706,-0.0007964528131427784,421.8088217408201,509.6718394119464,0.0,-1.0,-1.0,0.009714879093630677,0.06545637248175563,1.0,0.0,1.0,430.8157499999994,12.91995019907265,443.7357001990721,417.89579980092674,0.0,0.0,0.0
209,2020-10-27,423.76,430.5,420.1,424.471,21007688,0.009971923479585199,423.13991087041006,503.96619135731044,0.0,-1.0,-1.0,0.010760884209511148,0.06331757364161009,1.0,0.0,1.0,431.0897999999994,12.712369796950213,443.8021697969496,418.3774302030492,0.0,0.0,0.0
210,2020-10-28,416.48,418.6,406.0,406.0,23252693,-0.04351534027059567,414.56995543520503,497.4056856727782,0.0,-1.0,-1.0,0.0296071314203289,0.062045975689350406,1.0,0.0,1.0,429.9412999999994,13.89643278390431,443.8377327839037,416.0448672160951,1.0,0.0,1.0
211,2020-10-29,409.96,418.06,406.46,410.64,20826471,0.011428571428571344,412.60497771760254,491.5952448540375,0.0,-1.0,-1.0,0.028501217260825558,0.06008184615843295,1.0,0.0,1.0,428.0827999999994,13.866421644491957,441.94922164449133,414.21637835550746,1.0,0.0,1.0
212,2020-10-30,406.8954,407.5915,379.11,388.04,40305209,-0.055036041301383176,400.3224888588013,484.6604572095619,0.0,-1.0,-1.0,0.03700127755897236,0.05946440672243227,1.0,0.0,1.0,426.72130499999946,16.311857792098717,443.03316279209815,410.40944720790077,1.0,0.0,1.0
213,2020-11-02,394.0,406.9799,392.3,400.51,26759798,0.03213586228223897,400.41624442940065,479.0251507929689,0.0,-1.0,-1.0,0.04602593744768686,0.05831773816813655,1.0,0.0,1.0,425.4718049999995,17.335350719606392,442.8071557196059,408.13645428039314,1.0,0.0,1.0
214,2020-11-03,409.73,427.77,406.69,423.74,32428696,0.058001048662954746,412.07812221470033,475.3228683836109,0.0,-1.0,-1.0,0.047626640665226386,0.058557105806256136,1.0,0.0,1.0,425.97379999999947,17.120562332768305,443.0943623327678,408.85323766723116,0.0,0.0,0.0
215,2020-11-04,430.62,435.4,417.1,420.91,29547113,-0.006678623684334695,416.49406110735015,471.6790002197156,0.0,-1.0,-1.0,0.040348038720129924,0.05658324874907385,1.0,0.0,1.0,425.7597999999995,17.15758424477411,442.9173842447736,408.60221575522536,0.0,0.0,0.0
216,2020-11-05,428.3,440.0,424.0001,438.09,26009397,0.04081632653061207,427.2920305536751,469.4296446974836,0.0,-1.0,-1.0,0.03371991934785735,0.055684021404684064,1.0,0.0,1.0,426.36829999999946,17.377956345557415,443.7462563455569,408.99034365444203,0.0,0.0,0.0
217,2020-11-06,436.1,436.57,424.28,429.92,20292375,-0.018649136022278467,428.6060152768375,466.78380126202956,0.0,-1.0,-1.0,0.03634312552239362,0.054037085619907756,1.0,0.0,1.0,426.1662999999995,17.30840768043987,443.4747076804394,408.85789231955965,0.0,0.0,0.0
218,2020-11-09,439.5,452.5,421.0,421.39,31208837,-0.019840900632675962,424.99800763841876,463.7439134119541,0.0,-1.0,-1.0,0.029479446727625508,0.052449454405260526,1.0,0.0,1.0,425.13579999999945,16.925388797857092,442.0611887978565,408.2104112021424,0.0,0.0,0.0
219,2020-11-10,420.09,420.09,396.0301,410.41,28649493,-0.02605662213151705,417.7040038192094,460.1722999295815,0.0,-1.0,-1.0,0.02358266415763395,0.051063329800347265,1.0,0.0,1.0,423.3237999999995,16.433643983919275,439.7574439839188,406.8901560160802,0.0,0.0,0.0
220,2020-11-11,416.56,418.695,410.58,417.13,16073615,0.016373870032406534,417.41700190960466,457.2898852247219,0.0,-1.0,-1.0,0.026401815656155448,0.04956075831578844,1.0,0.0,1.0,421.10679999999945,13.795798828884452,434.9025988288839,407.311001171115,0.0,0.0,0.0
221,2020-11-12,415.05,423.0,409.52,411.73,18736964,-0.012945604487809459,414.57350095480234,454.23887537204223,0.0,-1.0,-1.0,0.020202090411127475,0.0479629693326349,1.0,0.0,1.0,419.2492999999995,12.276903553150799,431.5262035531503,406.9723964468487,0.0,0.0,0.0
222,2020-11-13,410.85,412.5319,401.66,406.78,17007748,-0.01202244189153101,410.67675047740113,451.0606958478753,0.0,-1.0,-1.0,0.014660039170682884,0.04639722067336835,1.0,0.0,1.0,417.59279999999956,11.556415236418498,429.14921523641806,406.03638476358105,0.0,0.0,0.0
223,2020-11-16,408.93,412.45,404.0868,408.09,17531777,0.003220413982988335,409.3833752387005,448.18307637541153,0.0,-1.0,-1.0,0.012905357960125166,0.04484301446841173,1.0,0.0,1.0,416.45579999999956,11.301346666877684,427.75714666687725,405.15445333312186,0.0,0.0,0.0
224,2020-11-17,460.17,462.0,433.01,441.57,57792306,0.08204072631037285,425.4766876193503,447.74021835915136,0.0,-1.0,-1.0,0.05290385969235133,0.04835084264161873,0.0,-1.0,-1.0,417.4357999999996,12.581935532663671,430.01773553266327,404.8538644673359,0.0,-1.0,-1.0
225,2020-11-18,448.35,496.0,443.5001,486.64,75901661,0.10206762234753275,456.05834380967514,450.34522077527106,1.0,0.0,1.0,0.05355168179725256,0.05304050320617135,0.0,-1.0,-1.0,420.6427999999995,19.954784585491417,440.59758458549095,400.6880154145081,0.0,-1.0,-1.0
226,2020-11-19,492.0,508.6112,487.57,499.16,59759624,0.025727437119842156,477.6091719048376,453.61420098851045,1.0,0.0,1.0,0.04685126653332395,0.05139241067368454,1.0,0.0,1.0,424.3057999999995,26.59109100235395,450.89689100235347,397.7147089976456,0.0,-1.0,-1.0
227,2020-11-20,497.99,502.5,489.06,489.44,31084668,-0.019472714159788462,483.52458595241876,456.01334790264184,1.0,0.0,1.0,0.053081037989991836,0.05024071188608257,0.0,-1.0,-1.0,427.7470499999996,30.285165959733906,458.0322159597335,397.4618840402657,0.0,-1.0,-1.0
228,2020-11-23,503.5,526.0,501.79,521.67,46506862,0.0658507682249101,502.59729297620936,460.41017804107304,1.0,0.0,1.0,0.04900875393852409,0.050646588587491076,1.0,0.0,1.0,432.81654999999955,36.76268228213283,469.57923228213235,396.05386771786675,0.0,-1.0,-1.0
229,2020-11-24,540.4,559.99,526.2,555.86,49296561,0.06553951731937824,529.2286464881047,466.8021678379913,1.0,0.0,1.0,0.03798978587817777,0.050734265320833555,1.0,0.0,1.0,439.3859999999996,45.81730900228917,485.2033090022888,393.56869099771046,0.0,-1.0,-1.0
230,2020-11-25,550.06,574.0,545.37,574.0,45026821,0.03263411650415571,551.6143232440523,473.98088677008207,1.0,0.0,1.0,0.029573057118056627,0.04918312720596476,1.0,0.0,1.0,447.7859999999996,54.03721635668943,501.82321635668904,393.74878364331016,0.0,-1.0,-1.0
231,2020-11-27,581.16,598.78,578.45,585.75,34800710,0.020470383275261295,568.6821616220261,481.4657306984335,1.0,0.0,1.0,0.024962507937109274,0.04751443292129693,1.0,0.0,1.0,456.54149999999964,61.38809187414184,517.9295918741415,395.1534081258578,0.0,-1.0,-1.0
232,2020-11-30,602.21,607.8,554.51,566.48,56072877,-0.03289799402475457,567.5810808110131,487.1588825415003,1.0,0.0,1.0,0.04326222469340243,0.04765682520162071,1.0,0.0,1.0,465.46349999999956,63.826836153938864,529.2903361539384,401.6366638460607,0.0,-1.0,-1.0
233,2020-12-01,597.59,597.85,572.05,585.19,37313883,0.03302852704420278,576.3855404055066,493.7237338070932,1.0,0.0,1.0,0.03689322764285584,0.04628271365107135,1.0,0.0,1.0,474.6974999999996,67.20494098964562,541.9024409896452,407.49255901035394,0.0,-1.0,-1.0
234,2020-12-02,556.44,571.54,541.21,568.8,42857218,-0.02800799740255322,572.5927702027533,498.75136718441627,1.0,0.0,1.0,0.037591305151104995,0.0460521627315658,1.0,0.0,1.0,481.9504999999996,69.21365521454986,551.1641552145494,412.7368447854497,0.0,-1.0,-1.0
235,2020-12-03,590.02,598.97,582.43,593.28,38701927,0.04303797468354431,582.9363851013766,505.081667436062,1.0,0.0,1.0,0.04006218993041055,0.0451556405575881,1.0,0.0,1.0,490.5689999999996,71.89276201765378,562.4617620176534,418.6762379823458,0.0,-1.0,-1.0
236,2020-12-04,591.01,599.0,585.5,599.0,27209889,0.009641316073355055,590.9681925506883,511.3710976692507,1.0,0.0,1.0,0.02885044679581379,0.04363549435572431,1.0,0.0,1.0,498.61449999999957,74.66114690809577,573.2756469080954,423.9533530919038,0.0,-1.0,-1.0
237,2020-12-07,604.9197,648.7856,603.05,642.0,52961574,0.07178631051752915,616.4840962753442,520.1189250761157,1.0,0.0,1.0,0.04079141564412803,0.044619366987052766,1.0,0.0,1.0,509.2184999999996,79.30720457582811,588.5257045758277,429.9112954241715,0.0,-1.0,-1.0
238,2020-12-08,625.505,651.28,618.5,649.88,57528420,0.012274143302180685,633.1820481376722,528.8086366338584,1.0,0.0,1.0,0.03441981827371593,0.043124890567228645,1.0,0.0,1.0,520.6429999999996,82.38690794691409,603.0299079469137,438.25609205308547,0.0,-1.0,-1.0
239,2020-12-09,653.69,654.32,588.0,604.17,68444975,-0.0703360620422232,618.6760240688361,533.8553619930049,1.0,0.0,1.0,0.0647290726069022,0.047295866938489466,0.0,-1.0,-1.0,530.3309999999996,80.10281156114722,610.4338115611467,450.2281884388523,0.0,0.0,0.0
240,2020-12-10,574.37,627.75,566.34,627.33,62320233,0.03833358160782585,623.0030120344181,540.1150792156354,1.0,0.0,1.0,0.058577490973638964,0.04618052012924349,0.0,-1.0,-1.0,540.8409999999997,78.23644512831885,619.0774451283185,462.6045548716808,0.0,-1.0,-1.0
241,2020-12-11,615.01,624.0,596.8,610.0,44794782,-0.027625013948001875,616.5015060172091,544.7950635400905,1.0,0.0,1.0,0.046953587488664614,0.04582293501288362,0.0,-1.0,-1.0,550.7544999999997,73.42939784690152,624.1838978469012,477.32510215309816,0.0,0.0,0.0
242,2020-12-14,619.0,642.7499,610.2001,639.79,50301458,0.048836065573770515,628.1457530086045,551.1565905619487,1.0,0.0,1.0,0.048801055946176244,0.04530613010791987,0.0,-1.0,-1.0,562.4049999999996,67.64054899556699,630.0455489955666,494.76445100443266,0.0,-1.0,-1.0
243,2020-12-15,643.28,646.9,623.8,632.48,43018484,-0.011425624032885717,630.3128765043023,556.6025762560478,1.0,0.0,1.0,0.03940193151546172,0.04421517147519856,1.0,0.0,1.0,573.6244999999997,58.71854198991742,632.3430419899171,514.9059580100823,0.0,-1.0,-1.0
244,2020-12-16,628.23,632.5,605.0,622.67,40524638,-0.015510371869466355,626.491438252151,561.0269141675222,1.0,0.0,1.0,0.03034012677843348,0.04326683923842162,1.0,0.0,1.0,582.6794999999996,50.69863794236649,633.3781379423662,531.9808620576331,0.0,0.0,0.0
245,2020-12-17,628.19,658.82,619.5,655.725,53416582,0.05308590425104809,641.1082191260755,567.3685619322955,1.0,0.0,1.0,0.041908552760677925,0.04321390382339394,1.0,0.0,1.0,591.1337499999997,47.859035633586984,638.9927856335867,543.2747143664128,0.0,-1.0,-1.0
246,2020-12-18,668.9,684.75,628.54,664.99,104496947,0.014129398757100953,653.0491095630377,573.9059778414287,1.0,0.0,1.0,0.03020677984203459,0.04174329142723519,1.0,0.0,1.0,599.4252499999997,45.387138262636505,644.8123882626362,554.0381117373631,0.0,-1.0,-1.0
247,2020-12-21,666.24,668.5,646.07,649.78,52689689,-0.022872524398863225,651.4145547815189,578.9870342994025,1.0,0.0,1.0,0.03333020848676267,0.041334019600374285,1.0,0.0,1.0,607.4422499999997,38.589099854316565,646.0313498543163,568.8531501456831,0.0,-1.0,-1.0
248,2020-12-22,648.0,649.88,614.23,640.09,49801682,-0.014912739696512523,645.7522773907594,583.0789172513007,1.0,0.0,1.0,0.024862858478696553,0.040445160859276484,1.0,0.0,1.0,613.3632499999997,33.48297746126641,646.846227461266,579.8802725387333,0.0,0.0,0.0
249,2020-12-23,632.2,651.4999,622.5701,645.98,31228561,0.009201830992516591,645.8661386953797,587.291214717613,1.0,0.0,1.0,0.02063698632271268,0.039067600052907867,1.0,0.0,1.0,617.8692499999996,31.332036500212023,649.2012865002116,586.5372134997876,0.0,0.0,0.0
250,2020-12-24,642.99,666.09,641.0,661.66,22073561,0.02427319731261024,653.7630693476899,592.2714699294997,1.0,0.0,1.0,0.020665671694897483,0.037941450285993175,1.0,0.0,1.0,622.2522499999997,31.00181541692926,653.2540654169289,591.2504345830704,0.0,-1.0,-1.0
251,2020-12-28,674.51,681.4,660.8,663.77,29644945,0.0031889490070429183,658.766534673845,597.0595127220598,1.0,0.0,1.0,0.015647284869516245,0.03668807602501937,1.0,0.0,1.0,626.1532499999996,31.07553777640409,657.2287877764037,595.0777122235955,0.0,-1.0,-1.0
252,2020-12-29,661.0,669.9,655.0,665.98,21166506,0.0033294665320819927,662.3732673369225,601.674911688614,1.0,0.0,1.0,0.011391679681392148,0.03547193060948438,1.0,0.0,1.0,631.1282499999996,28.908524206139013,660.0367742061386,602.2197257938607,0.0,-1.0,-1.0
